x,y,t,i,n
1,1,1,0,1
1,2,1,1,1
1,3,1,0,1
1,4,1,1,1
1,5,1,0,1
1,6,1,0,1
1,7,1,0,1
1,8,1,0,1
1,9,1,1,1
1,10,1,0,1
1,11,1,0,1
1,12,1,1,1
1,13,1,0,1
1,14,1,0,1
1,15,1,1,1
1,16,1,0,1
1,17,1,0,1
1,18,1,0,1
1,19,1,1,1
1,20,1,0,1
1,21,1,0,1
1,22,1,1,1
1,23,1,0,1
1,24,1,0,1
1,25,1,0,1
1,26,1,0,1
1,27,1,1,1
1,28,1,0,1
1,29,1,0,1
1,30,1,0,1
1,31,1,0,1
1,32,1,0,1
1,33,1,0,1
1,34,1,1,1
1,35,1,0,1
1,36,1,0,1
1,37,1,0,1
1,38,1,0,1
1,39,1,0,1
1,40,1,1,1
1,41,1,0,1
1,42,1,0,1
1,43,1,0,1
1,44,1,0,1
1,45,1,0,1
1,46,1,0,1
1,47,1,0,1
1,48,1,0,1
1,49,1,0,1
1,50,1,0,1
1,51,1,0,1
1,52,1,1,1
1,53,1,0,1
1,54,1,1,1
1,55,1,0,1
1,56,1,1,1
1,57,1,0,1
1,58,1,0,1
1,59,1,0,1
1,60,1,0,1
2,1,1,0,1
2,2,1,0,1
2,3,1,0,1
2,4,1,0,1
2,5,1,1,1
2,6,1,1,1
2,7,1,0,1
2,8,1,0,1
2,9,1,1,1
2,10,1,0,1
2,11,1,0,1
2,12,1,0,1
2,13,1,0,1
2,14,1,0,1
2,15,1,0,1
2,16,1,1,1
2,17,1,0,1
2,18,1,0,1
2,19,1,0,1
2,20,1,0,1
2,21,1,0,1
2,22,1,0,1
2,23,1,0,1
2,24,1,0,1
2,25,1,0,1
2,26,1,0,1
2,27,1,0,1
2,28,1,0,1
2,29,1,0,1
2,30,1,0,1
2,31,1,0,1
2,32,1,0,1
2,33,1,0,1
2,34,1,1,1
2,35,1,0,1
2,36,1,0,1
2,37,1,1,1
2,38,1,0,1
2,39,1,0,1
2,40,1,0,1
2,41,1,1,1
2,42,1,0,1
2,43,1,0,1
2,44,1,0,1
2,45,1,0,1
2,46,1,1,1
2,47,1,0,1
2,48,1,0,1
2,49,1,0,1
2,50,1,0,1
2,51,1,0,1
2,52,1,0,1
2,53,1,0,1
2,54,1,0,1
2,55,1,0,1
2,56,1,0,1
2,57,1,1,1
2,58,1,0,1
2,59,1,0,1
2,60,1,0,1
3,1,1,0,1
3,2,1,0,1
3,3,1,0,1
3,4,1,0,1
3,5,1,0,1
3,6,1,0,1
3,7,1,0,1
3,8,1,1,1
3,9,1,0,1
3,10,1,0,1
3,11,1,0,1
3,12,1,0,1
3,13,1,0,1
3,14,1,0,1
3,15,1,0,1
3,16,1,0,1
3,17,1,0,1
3,18,1,0,1
3,19,1,0,1
3,20,1,0,1
3,21,1,0,1
3,22,1,1,1
3,23,1,0,1
3,24,1,0,1
3,25,1,0,1
3,26,1,0,1
3,27,1,0,1
3,28,1,0,1
3,29,1,0,1
3,30,1,0,1
3,31,1,0,1
3,32,1,0,1
3,33,1,0,1
3,34,1,0,1
3,35,1,0,1
3,36,1,0,1
3,37,1,0,1
3,38,1,1,1
3,39,1,0,1
3,40,1,0,1
3,41,1,0,1
3,42,1,0,1
3,43,1,0,1
3,44,1,0,1
3,45,1,0,1
3,46,1,0,1
3,47,1,1,1
3,48,1,0,1
3,49,1,0,1
3,50,1,0,1
3,51,1,0,1
3,52,1,0,1
3,53,1,0,1
3,54,1,0,1
3,55,1,0,1
3,56,1,0,1
3,57,1,0,1
3,58,1,0,1
3,59,1,0,1
3,60,1,1,1
4,1,1,1,1
4,2,1,0,1
4,3,1,0,1
4,4,1,1,1
4,5,1,1,1
4,6,1,0,1
4,7,1,0,1
4,8,1,1,1
4,9,1,1,1
4,10,1,1,1
4,11,1,0,1
4,12,1,0,1
4,13,1,0,1
4,14,1,0,1
4,15,1,0,1
4,16,1,0,1
4,17,1,0,1
4,18,1,0,1
4,19,1,0,1
4,20,1,0,1
4,21,1,0,1
4,22,1,0,1
4,23,1,0,1
4,24,1,0,1
4,25,1,0,1
4,26,1,0,1
4,27,1,0,1
4,28,1,0,1
4,29,1,0,1
4,30,1,0,1
4,31,1,0,1
4,32,1,0,1
4,33,1,1,1
4,34,1,0,1
4,35,1,0,1
4,36,1,0,1
4,37,1,0,1
4,38,1,0,1
4,39,1,0,1
4,40,1,0,1
4,41,1,0,1
4,42,1,0,1
4,43,1,0,1
4,44,1,0,1
4,45,1,0,1
4,46,1,1,1
4,47,1,0,1
4,48,1,0,1
4,49,1,1,1
4,50,1,0,1
4,51,1,0,1
4,52,1,1,1
4,53,1,0,1
4,54,1,0,1
4,55,1,1,1
4,56,1,0,1
4,57,1,0,1
4,58,1,0,1
4,59,1,0,1
4,60,1,0,1
5,1,1,0,1
5,2,1,0,1
5,3,1,0,1
5,4,1,0,1
5,5,1,0,1
5,6,1,0,1
5,7,1,0,1
5,8,1,0,1
5,9,1,0,1
5,10,1,0,1
5,11,1,0,1
5,12,1,1,1
5,13,1,0,1
5,14,1,0,1
5,15,1,0,1
5,16,1,0,1
5,17,1,0,1
5,18,1,0,1
5,19,1,0,1
5,20,1,0,1
5,21,1,0,1
5,22,1,0,1
5,23,1,0,1
5,24,1,0,1
5,25,1,0,1
5,26,1,1,1
5,27,1,0,1
5,28,1,0,1
5,29,1,0,1
5,30,1,0,1
5,31,1,0,1
5,32,1,0,1
5,33,1,0,1
5,34,1,0,1
5,35,1,0,1
5,36,1,0,1
5,37,1,0,1
5,38,1,0,1
5,39,1,0,1
5,40,1,0,1
5,41,1,0,1
5,42,1,0,1
5,43,1,0,1
5,44,1,0,1
5,45,1,0,1
5,46,1,1,1
5,47,1,1,1
5,48,1,0,1
5,49,1,0,1
5,50,1,0,1
5,51,1,0,1
5,52,1,0,1
5,53,1,0,1
5,54,1,0,1
5,55,1,0,1
5,56,1,0,1
5,57,1,1,1
5,58,1,0,1
5,59,1,1,1
5,60,1,1,1
6,1,1,1,1
6,2,1,0,1
6,3,1,0,1
6,4,1,1,1
6,5,1,0,1
6,6,1,0,1
6,7,1,1,1
6,8,1,0,1
6,9,1,0,1
6,10,1,0,1
6,11,1,0,1
6,12,1,0,1
6,13,1,0,1
6,14,1,0,1
6,15,1,0,1
6,16,1,0,1
6,17,1,0,1
6,18,1,0,1
6,19,1,0,1
6,20,1,0,1
6,21,1,0,1
6,22,1,0,1
6,23,1,0,1
6,24,1,0,1
6,25,1,0,1
6,26,1,0,1
6,27,1,0,1
6,28,1,0,1
6,29,1,0,1
6,30,1,0,1
6,31,1,0,1
6,32,1,0,1
6,33,1,0,1
6,34,1,0,1
6,35,1,0,1
6,36,1,1,1
6,37,1,0,1
6,38,1,0,1
6,39,1,1,1
6,40,1,0,1
6,41,1,0,1
6,42,1,0,1
6,43,1,0,1
6,44,1,0,1
6,45,1,0,1
6,46,1,0,1
6,47,1,0,1
6,48,1,0,1
6,49,1,0,1
6,50,1,0,1
6,51,1,0,1
6,52,1,0,1
6,53,1,0,1
6,54,1,0,1
6,55,1,0,1
6,56,1,0,1
6,57,1,1,1
6,58,1,1,1
6,59,1,0,1
6,60,1,0,1
7,1,1,0,1
7,2,1,0,1
7,3,1,0,1
7,4,1,0,1
7,5,1,0,1
7,6,1,0,1
7,7,1,0,1
7,8,1,1,1
7,9,1,0,1
7,10,1,0,1
7,11,1,0,1
7,12,1,1,1
7,13,1,0,1
7,14,1,1,1
7,15,1,0,1
7,16,1,1,1
7,17,1,0,1
7,18,1,0,1
7,19,1,0,1
7,20,1,1,1
7,21,1,0,1
7,22,1,0,1
7,23,1,0,1
7,24,1,1,1
7,25,1,0,1
7,26,1,0,1
7,27,1,1,1
7,28,1,0,1
7,29,1,0,1
7,30,1,0,1
7,31,1,0,1
7,32,1,0,1
7,33,1,0,1
7,34,1,0,1
7,35,1,0,1
7,36,1,0,1
7,37,1,0,1
7,38,1,0,1
7,39,1,0,1
7,40,1,0,1
7,41,1,0,1
7,42,1,0,1
7,43,1,0,1
7,44,1,0,1
7,45,1,0,1
7,46,1,0,1
7,47,1,0,1
7,48,1,0,1
7,49,1,1,1
7,50,1,0,1
7,51,1,0,1
7,52,1,0,1
7,53,1,1,1
7,54,1,0,1
7,55,1,0,1
7,56,1,0,1
7,57,1,0,1
7,58,1,0,1
7,59,1,1,1
7,60,1,0,1
8,1,1,0,1
8,2,1,0,1
8,3,1,0,1
8,4,1,0,1
8,5,1,0,1
8,6,1,0,1
8,7,1,0,1
8,8,1,1,1
8,9,1,1,1
8,10,1,0,1
8,11,1,0,1
8,12,1,0,1
8,13,1,0,1
8,14,1,0,1
8,15,1,0,1
8,16,1,1,1
8,17,1,0,1
8,18,1,0,1
8,19,1,0,1
8,20,1,0,1
8,21,1,0,1
8,22,1,0,1
8,23,1,0,1
8,24,1,0,1
8,25,1,0,1
8,26,1,0,1
8,27,1,0,1
8,28,1,0,1
8,29,1,1,1
8,30,1,0,1
8,31,1,0,1
8,32,1,0,1
8,33,1,0,1
8,34,1,1,1
8,35,1,0,1
8,36,1,1,1
8,37,1,0,1
8,38,1,0,1
8,39,1,1,1
8,40,1,0,1
8,41,1,0,1
8,42,1,0,1
8,43,1,0,1
8,44,1,0,1
8,45,1,0,1
8,46,1,0,1
8,47,1,0,1
8,48,1,0,1
8,49,1,1,1
8,50,1,0,1
8,51,1,0,1
8,52,1,0,1
8,53,1,0,1
8,54,1,0,1
8,55,1,1,1
8,56,1,0,1
8,57,1,0,1
8,58,1,0,1
8,59,1,0,1
8,60,1,1,1
9,1,1,0,1
9,2,1,0,1
9,3,1,0,1
9,4,1,0,1
9,5,1,0,1
9,6,1,0,1
9,7,1,0,1
9,8,1,1,1
9,9,1,1,1
9,10,1,0,1
9,11,1,1,1
9,12,1,0,1
9,13,1,0,1
9,14,1,0,1
9,15,1,0,1
9,16,1,0,1
9,17,1,0,1
9,18,1,0,1
9,19,1,0,1
9,20,1,0,1
9,21,1,0,1
9,22,1,0,1
9,23,1,1,1
9,24,1,0,1
9,25,1,1,1
9,26,1,1,1
9,27,1,0,1
9,28,1,0,1
9,29,1,0,1
9,30,1,0,1
9,31,1,0,1
9,32,1,0,1
9,33,1,0,1
9,34,1,1,1
9,35,1,0,1
9,36,1,0,1
9,37,1,0,1
9,38,1,0,1
9,39,1,0,1
9,40,1,0,1
9,41,1,0,1
9,42,1,0,1
9,43,1,1,1
9,44,1,0,1
9,45,1,0,1
9,46,1,0,1
9,47,1,0,1
9,48,1,0,1
9,49,1,0,1
9,50,1,0,1
9,51,1,0,1
9,52,1,0,1
9,53,1,0,1
9,54,1,0,1
9,55,1,1,1
9,56,1,0,1
9,57,1,1,1
9,58,1,0,1
9,59,1,1,1
9,60,1,1,1
10,1,1,0,1
10,2,1,0,1
10,3,1,0,1
10,4,1,0,1
10,5,1,0,1
10,6,1,1,1
10,7,1,0,1
10,8,1,0,1
10,9,1,0,1
10,10,1,0,1
10,11,1,0,1
10,12,1,0,1
10,13,1,1,1
10,14,1,1,1
10,15,1,0,1
10,16,1,1,1
10,17,1,0,1
10,18,1,0,1
10,19,1,0,1
10,20,1,0,1
10,21,1,0,1
10,22,1,0,1
10,23,1,0,1
10,24,1,0,1
10,25,1,0,1
10,26,1,0,1
10,27,1,0,1
10,28,1,0,1
10,29,1,0,1
10,30,1,0,1
10,31,1,0,1
10,32,1,0,1
10,33,1,0,1
10,34,1,0,1
10,35,1,0,1
10,36,1,1,1
10,37,1,1,1
10,38,1,0,1
10,39,1,0,1
10,40,1,1,1
10,41,1,0,1
10,42,1,0,1
10,43,1,0,1
10,44,1,1,1
10,45,1,1,1
10,46,1,1,1
10,47,1,0,1
10,48,1,0,1
10,49,1,0,1
10,50,1,0,1
10,51,1,0,1
10,52,1,1,1
10,53,1,0,1
10,54,1,0,1
10,55,1,0,1
10,56,1,0,1
10,57,1,0,1
10,58,1,0,1
10,59,1,0,1
10,60,1,0,1
11,1,1,0,1
11,2,1,0,1
11,3,1,0,1
11,4,1,0,1
11,5,1,0,1
11,6,1,0,1
11,7,1,0,1
11,8,1,1,1
11,9,1,0,1
11,10,1,0,1
11,11,1,0,1
11,12,1,0,1
11,13,1,0,1
11,14,1,1,1
11,15,1,1,1
11,16,1,0,1
11,17,1,0,1
11,18,1,1,1
11,19,1,0,1
11,20,1,0,1
11,21,1,0,1
11,22,1,0,1
11,23,1,0,1
11,24,1,0,1
11,25,1,0,1
11,26,1,0,1
11,27,1,0,1
11,28,1,0,1
11,29,1,0,1
11,30,1,0,1
11,31,1,0,1
11,32,1,0,1
11,33,1,0,1
11,34,1,0,1
11,35,1,0,1
11,36,1,0,1
11,37,1,0,1
11,38,1,0,1
11,39,1,0,1
11,40,1,0,1
11,41,1,0,1
11,42,1,1,1
11,43,1,1,1
11,44,1,0,1
11,45,1,0,1
11,46,1,0,1
11,47,1,0,1
11,48,1,0,1
11,49,1,0,1
11,50,1,1,1
11,51,1,0,1
11,52,1,0,1
11,53,1,0,1
11,54,1,0,1
11,55,1,0,1
11,56,1,0,1
11,57,1,1,1
11,58,1,0,1
11,59,1,1,1
11,60,1,0,1
12,1,1,1,1
12,2,1,0,1
12,3,1,0,1
12,4,1,0,1
12,5,1,0,1
12,6,1,0,1
12,7,1,0,1
12,8,1,0,1
12,9,1,0,1
12,10,1,0,1
12,11,1,0,1
12,12,1,0,1
12,13,1,0,1
12,14,1,0,1
12,15,1,0,1
12,16,1,0,1
12,17,1,0,1
12,18,1,0,1
12,19,1,0,1
12,20,1,0,1
12,21,1,0,1
12,22,1,0,1
12,23,1,1,1
12,24,1,0,1
12,25,1,0,1
12,26,1,0,1
12,27,1,0,1
12,28,1,1,1
12,29,1,0,1
12,30,1,0,1
12,31,1,0,1
12,32,1,0,1
12,33,1,0,1
12,34,1,1,1
12,35,1,0,1
12,36,1,0,1
12,37,1,0,1
12,38,1,1,1
12,39,1,0,1
12,40,1,0,1
12,41,1,0,1
12,42,1,0,1
12,43,1,0,1
12,44,1,0,1
12,45,1,0,1
12,46,1,0,1
12,47,1,0,1
12,48,1,0,1
12,49,1,0,1
12,50,1,0,1
12,51,1,0,1
12,52,1,0,1
12,53,1,0,1
12,54,1,0,1
12,55,1,0,1
12,56,1,0,1
12,57,1,0,1
12,58,1,0,1
12,59,1,0,1
12,60,1,0,1
13,1,1,0,1
13,2,1,1,1
13,3,1,0,1
13,4,1,0,1
13,5,1,1,1
13,6,1,0,1
13,7,1,0,1
13,8,1,0,1
13,9,1,0,1
13,10,1,0,1
13,11,1,0,1
13,12,1,1,1
13,13,1,0,1
13,14,1,0,1
13,15,1,0,1
13,16,1,0,1
13,17,1,0,1
13,18,1,0,1
13,19,1,0,1
13,20,1,1,1
13,21,1,1,1
13,22,1,0,1
13,23,1,0,1
13,24,1,0,1
13,25,1,0,1
13,26,1,0,1
13,27,1,0,1
13,28,1,0,1
13,29,1,1,1
13,30,1,0,1
13,31,1,0,1
13,32,1,0,1
13,33,1,1,1
13,34,1,0,1
13,35,1,0,1
13,36,1,0,1
13,37,1,1,1
13,38,1,1,1
13,39,1,1,1
13,40,1,0,1
13,41,1,0,1
13,42,1,0,1
13,43,1,0,1
13,44,1,0,1
13,45,1,0,1
13,46,1,0,1
13,47,1,1,1
13,48,1,0,1
13,49,1,0,1
13,50,1,0,1
13,51,1,0,1
13,52,1,0,1
13,53,1,0,1
13,54,1,0,1
13,55,1,0,1
13,56,1,0,1
13,57,1,0,1
13,58,1,1,1
13,59,1,0,1
13,60,1,1,1
14,1,1,0,1
14,2,1,0,1
14,3,1,1,1
14,4,1,0,1
14,5,1,1,1
14,6,1,0,1
14,7,1,0,1
14,8,1,0,1
14,9,1,0,1
14,10,1,0,1
14,11,1,0,1
14,12,1,0,1
14,13,1,0,1
14,14,1,0,1
14,15,1,0,1
14,16,1,0,1
14,17,1,0,1
14,18,1,1,1
14,19,1,0,1
14,20,1,1,1
14,21,1,0,1
14,22,1,1,1
14,23,1,0,1
14,24,1,0,1
14,25,1,0,1
14,26,1,0,1
14,27,1,0,1
14,28,1,0,1
14,29,1,0,1
14,30,1,0,1
14,31,1,0,1
14,32,1,0,1
14,33,1,0,1
14,34,1,0,1
14,35,1,1,1
14,36,1,1,1
14,37,1,0,1
14,38,1,0,1
14,39,1,1,1
14,40,1,0,1
14,41,1,0,1
14,42,1,0,1
14,43,1,0,1
14,44,1,0,1
14,45,1,0,1
14,46,1,1,1
14,47,1,0,1
14,48,1,0,1
14,49,1,0,1
14,50,1,1,1
14,51,1,0,1
14,52,1,1,1
14,53,1,0,1
14,54,1,0,1
14,55,1,0,1
14,56,1,0,1
14,57,1,0,1
14,58,1,0,1
14,59,1,0,1
14,60,1,1,1
15,1,1,0,1
15,2,1,0,1
15,3,1,0,1
15,4,1,0,1
15,5,1,0,1
15,6,1,0,1
15,7,1,0,1
15,8,1,1,1
15,9,1,0,1
15,10,1,0,1
15,11,1,0,1
15,12,1,0,1
15,13,1,0,1
15,14,1,0,1
15,15,1,0,1
15,16,1,1,1
15,17,1,0,1
15,18,1,1,1
15,19,1,0,1
15,20,1,0,1
15,21,1,1,1
15,22,1,1,1
15,23,1,1,1
15,24,1,0,1
15,25,1,0,1
15,26,1,0,1
15,27,1,1,1
15,28,1,0,1
15,29,1,0,1
15,30,1,0,1
15,31,1,0,1
15,32,1,0,1
15,33,1,0,1
15,34,1,1,1
15,35,1,1,1
15,36,1,1,1
15,37,1,0,1
15,38,1,0,1
15,39,1,0,1
15,40,1,0,1
15,41,1,0,1
15,42,1,0,1
15,43,1,0,1
15,44,1,1,1
15,45,1,0,1
15,46,1,0,1
15,47,1,0,1
15,48,1,0,1
15,49,1,0,1
15,50,1,0,1
15,51,1,1,1
15,52,1,0,1
15,53,1,0,1
15,54,1,0,1
15,55,1,0,1
15,56,1,0,1
15,57,1,0,1
15,58,1,0,1
15,59,1,0,1
15,60,1,1,1
16,1,1,1,1
16,2,1,0,1
16,3,1,0,1
16,4,1,0,1
16,5,1,0,1
16,6,1,0,1
16,7,1,0,1
16,8,1,0,1
16,9,1,0,1
16,10,1,0,1
16,11,1,0,1
16,12,1,0,1
16,13,1,0,1
16,14,1,0,1
16,15,1,0,1
16,16,1,0,1
16,17,1,0,1
16,18,1,0,1
16,19,1,0,1
16,20,1,0,1
16,21,1,0,1
16,22,1,1,1
16,23,1,0,1
16,24,1,0,1
16,25,1,0,1
16,26,1,1,1
16,27,1,1,1
16,28,1,0,1
16,29,1,1,1
16,30,1,0,1
16,31,1,0,1
16,32,1,1,1
16,33,1,1,1
16,34,1,0,1
16,35,1,0,1
16,36,1,0,1
16,37,1,1,1
16,38,1,0,1
16,39,1,0,1
16,40,1,0,1
16,41,1,0,1
16,42,1,1,1
16,43,1,0,1
16,44,1,0,1
16,45,1,0,1
16,46,1,0,1
16,47,1,0,1
16,48,1,0,1
16,49,1,0,1
16,50,1,0,1
16,51,1,0,1
16,52,1,0,1
16,53,1,1,1
16,54,1,0,1
16,55,1,0,1
16,56,1,0,1
16,57,1,0,1
16,58,1,0,1
16,59,1,0,1
16,60,1,0,1
17,1,1,0,1
17,2,1,1,1
17,3,1,0,1
17,4,1,0,1
17,5,1,0,1
17,6,1,0,1
17,7,1,0,1
17,8,1,1,1
17,9,1,0,1
17,10,1,1,1
17,11,1,0,1
17,12,1,1,1
17,13,1,0,1
17,14,1,0,1
17,15,1,0,1
17,16,1,1,1
17,17,1,1,1
17,18,1,0,1
17,19,1,0,1
17,20,1,0,1
17,21,1,0,1
17,22,1,0,1
17,23,1,0,1
17,24,1,0,1
17,25,1,0,1
17,26,1,0,1
17,27,1,0,1
17,28,1,0,1
17,29,1,0,1
17,30,1,1,1
17,31,1,0,1
17,32,1,1,1
17,33,1,0,1
17,34,1,0,1
17,35,1,0,1
17,36,1,0,1
17,37,1,1,1
17,38,1,0,1
17,39,1,0,1
17,40,1,0,1
17,41,1,1,1
17,42,1,1,1
17,43,1,0,1
17,44,1,0,1
17,45,1,0,1
17,46,1,0,1
17,47,1,0,1
17,48,1,0,1
17,49,1,0,1
17,50,1,1,1
17,51,1,1,1
17,52,1,1,1
17,53,1,0,1
17,54,1,0,1
17,55,1,0,1
17,56,1,0,1
17,57,1,0,1
17,58,1,0,1
17,59,1,0,1
17,60,1,0,1
18,1,1,0,1
18,2,1,0,1
18,3,1,1,1
18,4,1,0,1
18,5,1,0,1
18,6,1,0,1
18,7,1,0,1
18,8,1,0,1
18,9,1,1,1
18,10,1,0,1
18,11,1,1,1
18,12,1,0,1
18,13,1,0,1
18,14,1,0,1
18,15,1,1,1
18,16,1,0,1
18,17,1,0,1
18,18,1,0,1
18,19,1,1,1
18,20,1,0,1
18,21,1,0,1
18,22,1,0,1
18,23,1,0,1
18,24,1,0,1
18,25,1,0,1
18,26,1,0,1
18,27,1,0,1
18,28,1,0,1
18,29,1,0,1
18,30,1,0,1
18,31,1,0,1
18,32,1,0,1
18,33,1,0,1
18,34,1,1,1
18,35,1,1,1
18,36,1,0,1
18,37,1,0,1
18,38,1,0,1
18,39,1,0,1
18,40,1,1,1
18,41,1,0,1
18,42,1,0,1
18,43,1,0,1
18,44,1,0,1
18,45,1,0,1
18,46,1,0,1
18,47,1,0,1
18,48,1,0,1
18,49,1,0,1
18,50,1,0,1
18,51,1,0,1
18,52,1,0,1
18,53,1,0,1
18,54,1,0,1
18,55,1,0,1
18,56,1,0,1
18,57,1,1,1
18,58,1,0,1
18,59,1,0,1
18,60,1,0,1
19,1,1,1,1
19,2,1,1,1
19,3,1,1,1
19,4,1,0,1
19,5,1,1,1
19,6,1,0,1
19,7,1,1,1
19,8,1,1,1
19,9,1,0,1
19,10,1,0,1
19,11,1,0,1
19,12,1,1,1
19,13,1,0,1
19,14,1,0,1
19,15,1,0,1
19,16,1,0,1
19,17,1,0,1
19,18,1,0,1
19,19,1,0,1
19,20,1,0,1
19,21,1,0,1
19,22,1,0,1
19,23,1,0,1
19,24,1,0,1
19,25,1,0,1
19,26,1,0,1
19,27,1,0,1
19,28,1,0,1
19,29,1,0,1
19,30,1,0,1
19,31,1,1,1
19,32,1,0,1
19,33,1,1,1
19,34,1,0,1
19,35,1,0,1
19,36,1,0,1
19,37,1,1,1
19,38,1,0,1
19,39,1,0,1
19,40,1,0,1
19,41,1,1,1
19,42,1,1,1
19,43,1,0,1
19,44,1,0,1
19,45,1,0,1
19,46,1,1,1
19,47,1,0,1
19,48,1,0,1
19,49,1,0,1
19,50,1,0,1
19,51,1,0,1
19,52,1,0,1
19,53,1,0,1
19,54,1,0,1
19,55,1,1,1
19,56,1,0,1
19,57,1,0,1
19,58,1,1,1
19,59,1,0,1
19,60,1,1,1
20,1,1,0,1
20,2,1,1,1
20,3,1,0,1
20,4,1,0,1
20,5,1,0,1
20,6,1,0,1
20,7,1,1,1
20,8,1,0,1
20,9,1,0,1
20,10,1,0,1
20,11,1,0,1
20,12,1,0,1
20,13,1,0,1
20,14,1,1,1
20,15,1,1,1
20,16,1,0,1
20,17,1,0,1
20,18,1,0,1
20,19,1,0,1
20,20,1,0,1
20,21,1,1,1
20,22,1,1,1
20,23,1,0,1
20,24,1,0,1
20,25,1,0,1
20,26,1,0,1
20,27,1,0,1
20,28,1,1,1
20,29,1,0,1
20,30,1,0,1
20,31,1,0,1
20,32,1,0,1
20,33,1,0,1
20,34,1,0,1
20,35,1,0,1
20,36,1,0,1
20,37,1,1,1
20,38,1,0,1
20,39,1,0,1
20,40,1,1,1
20,41,1,0,1
20,42,1,1,1
20,43,1,0,1
20,44,1,0,1
20,45,1,0,1
20,46,1,0,1
20,47,1,1,1
20,48,1,0,1
20,49,1,0,1
20,50,1,0,1
20,51,1,0,1
20,52,1,0,1
20,53,1,0,1
20,54,1,0,1
20,55,1,0,1
20,56,1,1,1
20,57,1,0,1
20,58,1,1,1
20,59,1,1,1
20,60,1,0,1
21,1,1,0,1
21,2,1,0,1
21,3,1,0,1
21,4,1,0,1
21,5,1,0,1
21,6,1,1,1
21,7,1,0,1
21,8,1,0,1
21,9,1,0,1
21,10,1,0,1
21,11,1,0,1
21,12,1,1,1
21,13,1,0,1
21,14,1,0,1
21,15,1,0,1
21,16,1,1,1
21,17,1,0,1
21,18,1,0,1
21,19,1,0,1
21,20,1,0,1
21,21,1,0,1
21,22,1,0,1
21,23,1,0,1
21,24,1,0,1
21,25,1,0,1
21,26,1,0,1
21,27,1,0,1
21,28,1,0,1
21,29,1,0,1
21,30,1,0,1
21,31,1,0,1
21,32,1,1,1
21,33,1,0,1
21,34,1,0,1
21,35,1,1,1
21,36,1,0,1
21,37,1,1,1
21,38,1,1,1
21,39,1,0,1
21,40,1,1,1
21,41,1,1,1
21,42,1,1,1
21,43,1,0,1
21,44,1,0,1
21,45,1,0,1
21,46,1,1,1
21,47,1,1,1
21,48,1,1,1
21,49,1,0,1
21,50,1,0,1
21,51,1,0,1
21,52,1,1,1
21,53,1,1,1
21,54,1,0,1
21,55,1,0,1
21,56,1,1,1
21,57,1,0,1
21,58,1,1,1
21,59,1,1,1
21,60,1,0,1
22,1,1,0,1
22,2,1,0,1
22,3,1,0,1
22,4,1,0,1
22,5,1,1,1
22,6,1,0,1
22,7,1,0,1
22,8,1,0,1
22,9,1,0,1
22,10,1,0,1
22,11,1,0,1
22,12,1,0,1
22,13,1,0,1
22,14,1,0,1
22,15,1,0,1
22,16,1,0,1
22,17,1,0,1
22,18,1,0,1
22,19,1,0,1
22,20,1,0,1
22,21,1,0,1
22,22,1,1,1
22,23,1,0,1
22,24,1,0,1
22,25,1,0,1
22,26,1,0,1
22,27,1,1,1
22,28,1,0,1
22,29,1,0,1
22,30,1,0,1
22,31,1,0,1
22,32,1,0,1
22,33,1,0,1
22,34,1,0,1
22,35,1,0,1
22,36,1,1,1
22,37,1,0,1
22,38,1,0,1
22,39,1,0,1
22,40,1,1,1
22,41,1,0,1
22,42,1,1,1
22,43,1,0,1
22,44,1,0,1
22,45,1,0,1
22,46,1,1,1
22,47,1,0,1
22,48,1,1,1
22,49,1,0,1
22,50,1,0,1
22,51,1,0,1
22,52,1,0,1
22,53,1,0,1
22,54,1,0,1
22,55,1,1,1
22,56,1,0,1
22,57,1,0,1
22,58,1,0,1
22,59,1,0,1
22,60,1,0,1
23,1,1,0,1
23,2,1,0,1
23,3,1,0,1
23,4,1,0,1
23,5,1,1,1
23,6,1,0,1
23,7,1,0,1
23,8,1,0,1
23,9,1,0,1
23,10,1,0,1
23,11,1,1,1
23,12,1,0,1
23,13,1,0,1
23,14,1,0,1
23,15,1,0,1
23,16,1,1,1
23,17,1,0,1
23,18,1,1,1
23,19,1,1,1
23,20,1,0,1
23,21,1,0,1
23,22,1,0,1
23,23,1,1,1
23,24,1,0,1
23,25,1,1,1
23,26,1,0,1
23,27,1,0,1
23,28,1,0,1
23,29,1,1,1
23,30,1,0,1
23,31,1,0,1
23,32,1,0,1
23,33,1,0,1
23,34,1,0,1
23,35,1,1,1
23,36,1,0,1
23,37,1,0,1
23,38,1,0,1
23,39,1,0,1
23,40,1,0,1
23,41,1,0,1
23,42,1,0,1
23,43,1,0,1
23,44,1,0,1
23,45,1,0,1
23,46,1,0,1
23,47,1,0,1
23,48,1,0,1
23,49,1,0,1
23,50,1,0,1
23,51,1,0,1
23,52,1,0,1
23,53,1,0,1
23,54,1,1,1
23,55,1,0,1
23,56,1,0,1
23,57,1,0,1
23,58,1,0,1
23,59,1,0,1
23,60,1,1,1
24,1,1,0,1
24,2,1,0,1
24,3,1,0,1
24,4,1,1,1
24,5,1,0,1
24,6,1,0,1
24,7,1,0,1
24,8,1,0,1
24,9,1,0,1
24,10,1,0,1
24,11,1,0,1
24,12,1,0,1
24,13,1,0,1
24,14,1,0,1
24,15,1,0,1
24,16,1,1,1
24,17,1,1,1
24,18,1,0,1
24,19,1,0,1
24,20,1,1,1
24,21,1,1,1
24,22,1,0,1
24,23,1,1,1
24,24,1,1,1
24,25,1,0,1
24,26,1,0,1
24,27,1,0,1
24,28,1,0,1
24,29,1,1,1
24,30,1,1,1
24,31,1,1,1
24,32,1,1,1
24,33,1,0,1
24,34,1,0,1
24,35,1,0,1
24,36,1,0,1
24,37,1,0,1
24,38,1,1,1
24,39,1,0,1
24,40,1,0,1
24,41,1,0,1
24,42,1,0,1
24,43,1,0,1
24,44,1,0,1
24,45,1,0,1
24,46,1,0,1
24,47,1,0,1
24,48,1,0,1
24,49,1,0,1
24,50,1,0,1
24,51,1,0,1
24,52,1,0,1
24,53,1,0,1
24,54,1,0,1
24,55,1,0,1
24,56,1,0,1
24,57,1,1,1
24,58,1,0,1
24,59,1,0,1
24,60,1,0,1
1,1,2,1,1
1,2,2,1,1
1,3,2,1,1
1,4,2,1,1
1,5,2,0,1
1,6,2,0,1
1,7,2,0,1
1,8,2,0,1
1,9,2,1,1
1,10,2,0,1
1,11,2,0,1
1,12,2,1,1
1,13,2,0,1
1,14,2,1,1
1,15,2,1,1
1,16,2,0,1
1,17,2,0,1
1,18,2,0,1
1,19,2,1,1
1,20,2,0,1
1,21,2,0,1
1,22,2,1,1
1,23,2,1,1
1,24,2,1,1
1,25,2,0,1
1,26,2,0,1
1,27,2,1,1
1,28,2,0,1
1,29,2,0,1
1,30,2,0,1
1,31,2,0,1
1,32,2,0,1
1,33,2,0,1
1,34,2,1,1
1,35,2,1,1
1,36,2,0,1
1,37,2,0,1
1,38,2,0,1
1,39,2,0,1
1,40,2,1,1
1,41,2,0,1
1,42,2,0,1
1,43,2,0,1
1,44,2,0,1
1,45,2,1,1
1,46,2,0,1
1,47,2,0,1
1,48,2,0,1
1,49,2,1,1
1,50,2,0,1
1,51,2,0,1
1,52,2,1,1
1,53,2,1,1
1,54,2,1,1
1,55,2,0,1
1,56,2,1,1
1,57,2,0,1
1,58,2,0,1
1,59,2,0,1
1,60,2,0,1
2,1,2,0,1
2,2,2,1,1
2,3,2,0,1
2,4,2,0,1
2,5,2,1,1
2,6,2,1,1
2,7,2,1,1
2,8,2,1,1
2,9,2,1,1
2,10,2,0,1
2,11,2,1,1
2,12,2,0,1
2,13,2,0,1
2,14,2,0,1
2,15,2,0,1
2,16,2,1,1
2,17,2,0,1
2,18,2,0,1
2,19,2,0,1
2,20,2,0,1
2,21,2,0,1
2,22,2,0,1
2,23,2,0,1
2,24,2,0,1
2,25,2,0,1
2,26,2,0,1
2,27,2,1,1
2,28,2,0,1
2,29,2,0,1
2,30,2,0,1
2,31,2,0,1
2,32,2,0,1
2,33,2,0,1
2,34,2,1,1
2,35,2,0,1
2,36,2,0,1
2,37,2,1,1
2,38,2,1,1
2,39,2,0,1
2,40,2,0,1
2,41,2,1,1
2,42,2,0,1
2,43,2,1,1
2,44,2,0,1
2,45,2,0,1
2,46,2,1,1
2,47,2,0,1
2,48,2,0,1
2,49,2,0,1
2,50,2,1,1
2,51,2,0,1
2,52,2,0,1
2,53,2,0,1
2,54,2,1,1
2,55,2,1,1
2,56,2,0,1
2,57,2,1,1
2,58,2,0,1
2,59,2,0,1
2,60,2,0,1
3,1,2,1,1
3,2,2,0,1
3,3,2,1,1
3,4,2,0,1
3,5,2,0,1
3,6,2,1,1
3,7,2,1,1
3,8,2,1,1
3,9,2,0,1
3,10,2,0,1
3,11,2,0,1
3,12,2,1,1
3,13,2,0,1
3,14,2,0,1
3,15,2,0,1
3,16,2,0,1
3,17,2,0,1
3,18,2,1,1
3,19,2,1,1
3,20,2,1,1
3,21,2,1,1
3,22,2,1,1
3,23,2,0,1
3,24,2,1,1
3,25,2,1,1
3,26,2,0,1
3,27,2,0,1
3,28,2,0,1
3,29,2,0,1
3,30,2,0,1
3,31,2,1,1
3,32,2,1,1
3,33,2,1,1
3,34,2,0,1
3,35,2,0,1
3,36,2,0,1
3,37,2,0,1
3,38,2,1,1
3,39,2,0,1
3,40,2,0,1
3,41,2,0,1
3,42,2,0,1
3,43,2,0,1
3,44,2,0,1
3,45,2,0,1
3,46,2,0,1
3,47,2,1,1
3,48,2,0,1
3,49,2,1,1
3,50,2,1,1
3,51,2,0,1
3,52,2,0,1
3,53,2,0,1
3,54,2,0,1
3,55,2,0,1
3,56,2,0,1
3,57,2,1,1
3,58,2,0,1
3,59,2,0,1
3,60,2,1,1
4,1,2,1,1
4,2,2,0,1
4,3,2,0,1
4,4,2,1,1
4,5,2,1,1
4,6,2,1,1
4,7,2,0,1
4,8,2,1,1
4,9,2,1,1
4,10,2,1,1
4,11,2,1,1
4,12,2,1,1
4,13,2,1,1
4,14,2,0,1
4,15,2,0,1
4,16,2,1,1
4,17,2,0,1
4,18,2,0,1
4,19,2,1,1
4,20,2,0,1
4,21,2,0,1
4,22,2,0,1
4,23,2,0,1
4,24,2,0,1
4,25,2,0,1
4,26,2,0,1
4,27,2,0,1
4,28,2,0,1
4,29,2,0,1
4,30,2,0,1
4,31,2,0,1
4,32,2,0,1
4,33,2,1,1
4,34,2,0,1
4,35,2,0,1
4,36,2,0,1
4,37,2,0,1
4,38,2,0,1
4,39,2,0,1
4,40,2,1,1
4,41,2,0,1
4,42,2,0,1
4,43,2,0,1
4,44,2,0,1
4,45,2,0,1
4,46,2,1,1
4,47,2,0,1
4,48,2,0,1
4,49,2,1,1
4,50,2,1,1
4,51,2,1,1
4,52,2,1,1
4,53,2,1,1
4,54,2,1,1
4,55,2,1,1
4,56,2,0,1
4,57,2,0,1
4,58,2,0,1
4,59,2,0,1
4,60,2,0,1
5,1,2,0,1
5,2,2,0,1
5,3,2,0,1
5,4,2,0,1
5,5,2,1,1
5,6,2,0,1
5,7,2,1,1
5,8,2,0,1
5,9,2,0,1
5,10,2,1,1
5,11,2,0,1
5,12,2,1,1
5,13,2,0,1
5,14,2,0,1
5,15,2,0,1
5,16,2,0,1
5,17,2,0,1
5,18,2,0,1
5,19,2,0,1
5,20,2,0,1
5,21,2,0,1
5,22,2,0,1
5,23,2,0,1
5,24,2,0,1
5,25,2,0,1
5,26,2,1,1
5,27,2,0,1
5,28,2,0,1
5,29,2,0,1
5,30,2,0,1
5,31,2,0,1
5,32,2,0,1
5,33,2,1,1
5,34,2,0,1
5,35,2,0,1
5,36,2,0,1
5,37,2,0,1
5,38,2,0,1
5,39,2,0,1
5,40,2,0,1
5,41,2,0,1
5,42,2,0,1
5,43,2,0,1
5,44,2,0,1
5,45,2,0,1
5,46,2,1,1
5,47,2,1,1
5,48,2,1,1
5,49,2,0,1
5,50,2,0,1
5,51,2,0,1
5,52,2,0,1
5,53,2,0,1
5,54,2,1,1
5,55,2,0,1
5,56,2,0,1
5,57,2,1,1
5,58,2,0,1
5,59,2,1,1
5,60,2,1,1
6,1,2,1,1
6,2,2,1,1
6,3,2,0,1
6,4,2,1,1
6,5,2,0,1
6,6,2,0,1
6,7,2,1,1
6,8,2,0,1
6,9,2,0,1
6,10,2,0,1
6,11,2,0,1
6,12,2,0,1
6,13,2,1,1
6,14,2,0,1
6,15,2,0,1
6,16,2,0,1
6,17,2,1,1
6,18,2,0,1
6,19,2,0,1
6,20,2,0,1
6,21,2,1,1
6,22,2,1,1
6,23,2,0,1
6,24,2,0,1
6,25,2,0,1
6,26,2,0,1
6,27,2,1,1
6,28,2,1,1
6,29,2,0,1
6,30,2,0,1
6,31,2,0,1
6,32,2,0,1
6,33,2,0,1
6,34,2,0,1
6,35,2,0,1
6,36,2,1,1
6,37,2,1,1
6,38,2,0,1
6,39,2,1,1
6,40,2,0,1
6,41,2,0,1
6,42,2,0,1
6,43,2,0,1
6,44,2,1,1
6,45,2,0,1
6,46,2,0,1
6,47,2,0,1
6,48,2,0,1
6,49,2,0,1
6,50,2,0,1
6,51,2,0,1
6,52,2,0,1
6,53,2,0,1
6,54,2,0,1
6,55,2,0,1
6,56,2,0,1
6,57,2,1,1
6,58,2,1,1
6,59,2,1,1
6,60,2,0,1
7,1,2,0,1
7,2,2,0,1
7,3,2,0,1
7,4,2,0,1
7,5,2,0,1
7,6,2,0,1
7,7,2,1,1
7,8,2,1,1
7,9,2,0,1
7,10,2,0,1
7,11,2,0,1
7,12,2,1,1
7,13,2,1,1
7,14,2,1,1
7,15,2,0,1
7,16,2,1,1
7,17,2,0,1
7,18,2,0,1
7,19,2,0,1
7,20,2,1,1
7,21,2,1,1
7,22,2,1,1
7,23,2,1,1
7,24,2,1,1
7,25,2,1,1
7,26,2,0,1
7,27,2,1,1
7,28,2,1,1
7,29,2,0,1
7,30,2,0,1
7,31,2,1,1
7,32,2,0,1
7,33,2,0,1
7,34,2,1,1
7,35,2,0,1
7,36,2,0,1
7,37,2,0,1
7,38,2,0,1
7,39,2,0,1
7,40,2,0,1
7,41,2,0,1
7,42,2,0,1
7,43,2,1,1
7,44,2,0,1
7,45,2,0,1
7,46,2,0,1
7,47,2,1,1
7,48,2,0,1
7,49,2,1,1
7,50,2,0,1
7,51,2,0,1
7,52,2,0,1
7,53,2,1,1
7,54,2,0,1
7,55,2,0,1
7,56,2,0,1
7,57,2,0,1
7,58,2,0,1
7,59,2,1,1
7,60,2,0,1
8,1,2,1,1
8,2,2,0,1
8,3,2,0,1
8,4,2,0,1
8,5,2,0,1
8,6,2,0,1
8,7,2,0,1
8,8,2,1,1
8,9,2,1,1
8,10,2,0,1
8,11,2,0,1
8,12,2,0,1
8,13,2,1,1
8,14,2,0,1
8,15,2,0,1
8,16,2,1,1
8,17,2,0,1
8,18,2,0,1
8,19,2,0,1
8,20,2,0,1
8,21,2,0,1
8,22,2,0,1
8,23,2,0,1
8,24,2,0,1
8,25,2,0,1
8,26,2,0,1
8,27,2,0,1
8,28,2,0,1
8,29,2,1,1
8,30,2,0,1
8,31,2,0,1
8,32,2,0,1
8,33,2,1,1
8,34,2,1,1
8,35,2,0,1
8,36,2,1,1
8,37,2,0,1
8,38,2,0,1
8,39,2,1,1
8,40,2,0,1
8,41,2,0,1
8,42,2,0,1
8,43,2,0,1
8,44,2,1,1
8,45,2,0,1
8,46,2,0,1
8,47,2,0,1
8,48,2,1,1
8,49,2,1,1
8,50,2,0,1
8,51,2,0,1
8,52,2,1,1
8,53,2,1,1
8,54,2,0,1
8,55,2,1,1
8,56,2,0,1
8,57,2,0,1
8,58,2,0,1
8,59,2,0,1
8,60,2,1,1
9,1,2,0,1
9,2,2,0,1
9,3,2,0,1
9,4,2,0,1
9,5,2,1,1
9,6,2,0,1
9,7,2,0,1
9,8,2,1,1
9,9,2,1,1
9,10,2,0,1
9,11,2,1,1
9,12,2,0,1
9,13,2,0,1
9,14,2,1,1
9,15,2,0,1
9,16,2,0,1
9,17,2,0,1
9,18,2,0,1
9,19,2,0,1
9,20,2,0,1
9,21,2,0,1
9,22,2,0,1
9,23,2,1,1
9,24,2,0,1
9,25,2,1,1
9,26,2,1,1
9,27,2,0,1
9,28,2,0,1
9,29,2,0,1
9,30,2,0,1
9,31,2,0,1
9,32,2,0,1
9,33,2,0,1
9,34,2,1,1
9,35,2,0,1
9,36,2,0,1
9,37,2,0,1
9,38,2,0,1
9,39,2,0,1
9,40,2,0,1
9,41,2,0,1
9,42,2,1,1
9,43,2,1,1
9,44,2,1,1
9,45,2,1,1
9,46,2,1,1
9,47,2,1,1
9,48,2,0,1
9,49,2,0,1
9,50,2,0,1
9,51,2,0,1
9,52,2,0,1
9,53,2,0,1
9,54,2,0,1
9,55,2,1,1
9,56,2,1,1
9,57,2,1,1
9,58,2,0,1
9,59,2,1,1
9,60,2,1,1
10,1,2,0,1
10,2,2,0,1
10,3,2,0,1
10,4,2,0,1
10,5,2,0,1
10,6,2,1,1
10,7,2,0,1
10,8,2,0,1
10,9,2,0,1
10,10,2,0,1
10,11,2,0,1
10,12,2,0,1
10,13,2,1,1
10,14,2,1,1
10,15,2,0,1
10,16,2,1,1
10,17,2,0,1
10,18,2,0,1
10,19,2,0,1
10,20,2,1,1
10,21,2,1,1
10,22,2,0,1
10,23,2,1,1
10,24,2,0,1
10,25,2,0,1
10,26,2,0,1
10,27,2,1,1
10,28,2,0,1
10,29,2,0,1
10,30,2,0,1
10,31,2,0,1
10,32,2,0,1
10,33,2,0,1
10,34,2,0,1
10,35,2,0,1
10,36,2,1,1
10,37,2,1,1
10,38,2,0,1
10,39,2,1,1
10,40,2,1,1
10,41,2,0,1
10,42,2,1,1
10,43,2,1,1
10,44,2,1,1
10,45,2,1,1
10,46,2,1,1
10,47,2,0,1
10,48,2,0,1
10,49,2,0,1
10,50,2,0,1
10,51,2,0,1
10,52,2,1,1
10,53,2,0,1
10,54,2,1,1
10,55,2,0,1
10,56,2,0,1
10,57,2,0,1
10,58,2,1,1
10,59,2,0,1
10,60,2,0,1
11,1,2,0,1
11,2,2,0,1
11,3,2,0,1
11,4,2,1,1
11,5,2,0,1
11,6,2,0,1
11,7,2,0,1
11,8,2,1,1
11,9,2,0,1
11,10,2,1,1
11,11,2,0,1
11,12,2,0,1
11,13,2,1,1
11,14,2,1,1
11,15,2,1,1
11,16,2,0,1
11,17,2,0,1
11,18,2,1,1
11,19,2,0,1
11,20,2,0,1
11,21,2,1,1
11,22,2,0,1
11,23,2,0,1
11,24,2,0,1
11,25,2,1,1
11,26,2,0,1
11,27,2,0,1
11,28,2,0,1
11,29,2,0,1
11,30,2,0,1
11,31,2,0,1
11,32,2,0,1
11,33,2,0,1
11,34,2,0,1
11,35,2,0,1
11,36,2,0,1
11,37,2,0,1
11,38,2,0,1
11,39,2,1,1
11,40,2,0,1
11,41,2,0,1
11,42,2,1,1
11,43,2,1,1
11,44,2,0,1
11,45,2,0,1
11,46,2,0,1
11,47,2,0,1
11,48,2,0,1
11,49,2,0,1
11,50,2,1,1
11,51,2,0,1
11,52,2,0,1
11,53,2,0,1
11,54,2,0,1
11,55,2,1,1
11,56,2,0,1
11,57,2,1,1
11,58,2,0,1
11,59,2,1,1
11,60,2,0,1
12,1,2,1,1
12,2,2,0,1
12,3,2,0,1
12,4,2,0,1
12,5,2,1,1
12,6,2,0,1
12,7,2,0,1
12,8,2,0,1
12,9,2,0,1
12,10,2,0,1
12,11,2,0,1
12,12,2,1,1
12,13,2,0,1
12,14,2,0,1
12,15,2,0,1
12,16,2,1,1
12,17,2,0,1
12,18,2,0,1
12,19,2,0,1
12,20,2,0,1
12,21,2,0,1
12,22,2,0,1
12,23,2,1,1
12,24,2,1,1
12,25,2,0,1
12,26,2,0,1
12,27,2,1,1
12,28,2,1,1
12,29,2,0,1
12,30,2,0,1
12,31,2,0,1
12,32,2,0,1
12,33,2,0,1
12,34,2,1,1
12,35,2,0,1
12,36,2,0,1
12,37,2,1,1
12,38,2,1,1
12,39,2,0,1
12,40,2,0,1
12,41,2,0,1
12,42,2,1,1
12,43,2,0,1
12,44,2,0,1
12,45,2,0,1
12,46,2,0,1
12,47,2,0,1
12,48,2,0,1
12,49,2,0,1
12,50,2,0,1
12,51,2,0,1
12,52,2,0,1
12,53,2,0,1
12,54,2,1,1
12,55,2,1,1
12,56,2,0,1
12,57,2,0,1
12,58,2,0,1
12,59,2,0,1
12,60,2,0,1
13,1,2,0,1
13,2,2,1,1
13,3,2,0,1
13,4,2,0,1
13,5,2,1,1
13,6,2,0,1
13,7,2,1,1
13,8,2,1,1
13,9,2,0,1
13,10,2,0,1
13,11,2,0,1
13,12,2,1,1
13,13,2,0,1
13,14,2,0,1
13,15,2,0,1
13,16,2,0,1
13,17,2,0,1
13,18,2,0,1
13,19,2,0,1
13,20,2,1,1
13,21,2,1,1
13,22,2,0,1
13,23,2,0,1
13,24,2,0,1
13,25,2,0,1
13,26,2,0,1
13,27,2,0,1
13,28,2,0,1
13,29,2,1,1
13,30,2,0,1
13,31,2,0,1
13,32,2,1,1
13,33,2,1,1
13,34,2,0,1
13,35,2,0,1
13,36,2,1,1
13,37,2,1,1
13,38,2,1,1
13,39,2,1,1
13,40,2,0,1
13,41,2,0,1
13,42,2,0,1
13,43,2,0,1
13,44,2,1,1
13,45,2,0,1
13,46,2,0,1
13,47,2,1,1
13,48,2,0,1
13,49,2,0,1
13,50,2,0,1
13,51,2,1,1
13,52,2,1,1
13,53,2,0,1
13,54,2,1,1
13,55,2,1,1
13,56,2,0,1
13,57,2,1,1
13,58,2,1,1
13,59,2,1,1
13,60,2,1,1
14,1,2,0,1
14,2,2,0,1
14,3,2,1,1
14,4,2,0,1
14,5,2,1,1
14,6,2,0,1
14,7,2,1,1
14,8,2,0,1
14,9,2,0,1
14,10,2,0,1
14,11,2,1,1
14,12,2,1,1
14,13,2,0,1
14,14,2,1,1
14,15,2,0,1
14,16,2,0,1
14,17,2,0,1
14,18,2,1,1
14,19,2,0,1
14,20,2,1,1
14,21,2,0,1
14,22,2,1,1
14,23,2,1,1
14,24,2,1,1
14,25,2,0,1
14,26,2,0,1
14,27,2,1,1
14,28,2,0,1
14,29,2,0,1
14,30,2,0,1
14,31,2,0,1
14,32,2,1,1
14,33,2,0,1
14,34,2,0,1
14,35,2,1,1
14,36,2,1,1
14,37,2,0,1
14,38,2,0,1
14,39,2,1,1
14,40,2,0,1
14,41,2,1,1
14,42,2,0,1
14,43,2,0,1
14,44,2,0,1
14,45,2,0,1
14,46,2,1,1
14,47,2,0,1
14,48,2,1,1
14,49,2,0,1
14,50,2,1,1
14,51,2,0,1
14,52,2,1,1
14,53,2,1,1
14,54,2,1,1
14,55,2,0,1
14,56,2,0,1
14,57,2,1,1
14,58,2,0,1
14,59,2,0,1
14,60,2,1,1
15,1,2,0,1
15,2,2,0,1
15,3,2,0,1
15,4,2,0,1
15,5,2,0,1
15,6,2,0,1
15,7,2,0,1
15,8,2,1,1
15,9,2,0,1
15,10,2,0,1
15,11,2,1,1
15,12,2,0,1
15,13,2,0,1
15,14,2,1,1
15,15,2,0,1
15,16,2,1,1
15,17,2,1,1
15,18,2,1,1
15,19,2,1,1
15,20,2,0,1
15,21,2,1,1
15,22,2,1,1
15,23,2,1,1
15,24,2,1,1
15,25,2,0,1
15,26,2,0,1
15,27,2,1,1
15,28,2,0,1
15,29,2,0,1
15,30,2,0,1
15,31,2,1,1
15,32,2,0,1
15,33,2,0,1
15,34,2,1,1
15,35,2,1,1
15,36,2,1,1
15,37,2,0,1
15,38,2,0,1
15,39,2,0,1
15,40,2,0,1
15,41,2,0,1
15,42,2,0,1
15,43,2,1,1
15,44,2,1,1
15,45,2,0,1
15,46,2,0,1
15,47,2,1,1
15,48,2,0,1
15,49,2,0,1
15,50,2,0,1
15,51,2,1,1
15,52,2,0,1
15,53,2,1,1
15,54,2,0,1
15,55,2,1,1
15,56,2,1,1
15,57,2,0,1
15,58,2,0,1
15,59,2,0,1
15,60,2,1,1
16,1,2,1,1
16,2,2,0,1
16,3,2,0,1
16,4,2,0,1
16,5,2,0,1
16,6,2,0,1
16,7,2,0,1
16,8,2,0,1
16,9,2,0,1
16,10,2,0,1
16,11,2,1,1
16,12,2,1,1
16,13,2,0,1
16,14,2,0,1
16,15,2,0,1
16,16,2,0,1
16,17,2,0,1
16,18,2,0,1
16,19,2,0,1
16,20,2,0,1
16,21,2,0,1
16,22,2,1,1
16,23,2,0,1
16,24,2,0,1
16,25,2,0,1
16,26,2,1,1
16,27,2,1,1
16,28,2,0,1
16,29,2,1,1
16,30,2,1,1
16,31,2,0,1
16,32,2,1,1
16,33,2,1,1
16,34,2,1,1
16,35,2,0,1
16,36,2,1,1
16,37,2,1,1
16,38,2,0,1
16,39,2,1,1
16,40,2,1,1
16,41,2,0,1
16,42,2,1,1
16,43,2,0,1
16,44,2,0,1
16,45,2,1,1
16,46,2,0,1
16,47,2,0,1
16,48,2,0,1
16,49,2,0,1
16,50,2,0,1
16,51,2,0,1
16,52,2,0,1
16,53,2,1,1
16,54,2,0,1
16,55,2,0,1
16,56,2,0,1
16,57,2,0,1
16,58,2,0,1
16,59,2,0,1
16,60,2,0,1
17,1,2,0,1
17,2,2,1,1
17,3,2,0,1
17,4,2,0,1
17,5,2,0,1
17,6,2,0,1
17,7,2,1,1
17,8,2,1,1
17,9,2,0,1
17,10,2,1,1
17,11,2,0,1
17,12,2,1,1
17,13,2,0,1
17,14,2,0,1
17,15,2,0,1
17,16,2,1,1
17,17,2,1,1
17,18,2,0,1
17,19,2,1,1
17,20,2,0,1
17,21,2,0,1
17,22,2,1,1
17,23,2,1,1
17,24,2,0,1
17,25,2,0,1
17,26,2,0,1
17,27,2,0,1
17,28,2,1,1
17,29,2,0,1
17,30,2,1,1
17,31,2,0,1
17,32,2,1,1
17,33,2,0,1
17,34,2,1,1
17,35,2,0,1
17,36,2,1,1
17,37,2,1,1
17,38,2,1,1
17,39,2,0,1
17,40,2,0,1
17,41,2,1,1
17,42,2,1,1
17,43,2,1,1
17,44,2,1,1
17,45,2,0,1
17,46,2,0,1
17,47,2,1,1
17,48,2,0,1
17,49,2,0,1
17,50,2,1,1
17,51,2,1,1
17,52,2,1,1
17,53,2,0,1
17,54,2,0,1
17,55,2,0,1
17,56,2,0,1
17,57,2,0,1
17,58,2,1,1
17,59,2,0,1
17,60,2,1,1
18,1,2,1,1
18,2,2,0,1
18,3,2,1,1
18,4,2,0,1
18,5,2,0,1
18,6,2,0,1
18,7,2,0,1
18,8,2,1,1
18,9,2,1,1
18,10,2,0,1
18,11,2,1,1
18,12,2,0,1
18,13,2,0,1
18,14,2,0,1
18,15,2,1,1
18,16,2,0,1
18,17,2,0,1
18,18,2,1,1
18,19,2,1,1
18,20,2,1,1
18,21,2,0,1
18,22,2,0,1
18,23,2,0,1
18,24,2,0,1
18,25,2,1,1
18,26,2,0,1
18,27,2,0,1
18,28,2,0,1
18,29,2,0,1
18,30,2,0,1
18,31,2,0,1
18,32,2,1,1
18,33,2,0,1
18,34,2,1,1
18,35,2,1,1
18,36,2,1,1
18,37,2,1,1
18,38,2,0,1
18,39,2,0,1
18,40,2,1,1
18,41,2,0,1
18,42,2,0,1
18,43,2,0,1
18,44,2,0,1
18,45,2,0,1
18,46,2,0,1
18,47,2,0,1
18,48,2,0,1
18,49,2,0,1
18,50,2,1,1
18,51,2,0,1
18,52,2,0,1
18,53,2,0,1
18,54,2,0,1
18,55,2,0,1
18,56,2,0,1
18,57,2,1,1
18,58,2,0,1
18,59,2,0,1
18,60,2,1,1
19,1,2,1,1
19,2,2,1,1
19,3,2,1,1
19,4,2,0,1
19,5,2,1,1
19,6,2,0,1
19,7,2,1,1
19,8,2,1,1
19,9,2,1,1
19,10,2,0,1
19,11,2,0,1
19,12,2,1,1
19,13,2,0,1
19,14,2,0,1
19,15,2,0,1
19,16,2,0,1
19,17,2,0,1
19,18,2,0,1
19,19,2,0,1
19,20,2,0,1
19,21,2,0,1
19,22,2,1,1
19,23,2,1,1
19,24,2,0,1
19,25,2,0,1
19,26,2,0,1
19,27,2,0,1
19,28,2,0,1
19,29,2,0,1
19,30,2,0,1
19,31,2,1,1
19,32,2,1,1
19,33,2,1,1
19,34,2,0,1
19,35,2,0,1
19,36,2,0,1
19,37,2,1,1
19,38,2,0,1
19,39,2,0,1
19,40,2,1,1
19,41,2,1,1
19,42,2,1,1
19,43,2,0,1
19,44,2,0,1
19,45,2,0,1
19,46,2,1,1
19,47,2,0,1
19,48,2,0,1
19,49,2,0,1
19,50,2,0,1
19,51,2,1,1
19,52,2,1,1
19,53,2,0,1
19,54,2,1,1
19,55,2,1,1
19,56,2,1,1
19,57,2,0,1
19,58,2,1,1
19,59,2,0,1
19,60,2,1,1
20,1,2,0,1
20,2,2,1,1
20,3,2,0,1
20,4,2,0,1
20,5,2,0,1
20,6,2,0,1
20,7,2,1,1
20,8,2,0,1
20,9,2,0,1
20,10,2,1,1
20,11,2,1,1
20,12,2,0,1
20,13,2,0,1
20,14,2,1,1
20,15,2,1,1
20,16,2,1,1
20,17,2,1,1
20,18,2,0,1
20,19,2,1,1
20,20,2,0,1
20,21,2,1,1
20,22,2,1,1
20,23,2,0,1
20,24,2,0,1
20,25,2,0,1
20,26,2,0,1
20,27,2,0,1
20,28,2,1,1
20,29,2,0,1
20,30,2,0,1
20,31,2,0,1
20,32,2,0,1
20,33,2,0,1
20,34,2,0,1
20,35,2,0,1
20,36,2,1,1
20,37,2,1,1
20,38,2,0,1
20,39,2,0,1
20,40,2,1,1
20,41,2,0,1
20,42,2,1,1
20,43,2,0,1
20,44,2,0,1
20,45,2,0,1
20,46,2,0,1
20,47,2,1,1
20,48,2,0,1
20,49,2,0,1
20,50,2,0,1
20,51,2,0,1
20,52,2,0,1
20,53,2,0,1
20,54,2,0,1
20,55,2,0,1
20,56,2,1,1
20,57,2,1,1
20,58,2,1,1
20,59,2,1,1
20,60,2,0,1
21,1,2,0,1
21,2,2,0,1
21,3,2,0,1
21,4,2,0,1
21,5,2,0,1
21,6,2,1,1
21,7,2,0,1
21,8,2,0,1
21,9,2,1,1
21,10,2,0,1
21,11,2,0,1
21,12,2,1,1
21,13,2,0,1
21,14,2,0,1
21,15,2,0,1
21,16,2,1,1
21,17,2,0,1
21,18,2,1,1
21,19,2,0,1
21,20,2,0,1
21,21,2,0,1
21,22,2,0,1
21,23,2,0,1
21,24,2,1,1
21,25,2,0,1
21,26,2,0,1
21,27,2,1,1
21,28,2,0,1
21,29,2,1,1
21,30,2,0,1
21,31,2,0,1
21,32,2,1,1
21,33,2,0,1
21,34,2,0,1
21,35,2,1,1
21,36,2,1,1
21,37,2,1,1
21,38,2,1,1
21,39,2,1,1
21,40,2,1,1
21,41,2,1,1
21,42,2,1,1
21,43,2,1,1
21,44,2,0,1
21,45,2,0,1
21,46,2,1,1
21,47,2,1,1
21,48,2,1,1
21,49,2,0,1
21,50,2,1,1
21,51,2,0,1
21,52,2,1,1
21,53,2,1,1
21,54,2,0,1
21,55,2,0,1
21,56,2,1,1
21,57,2,0,1
21,58,2,1,1
21,59,2,1,1
21,60,2,0,1
22,1,2,0,1
22,2,2,0,1
22,3,2,0,1
22,4,2,0,1
22,5,2,1,1
22,6,2,0,1
22,7,2,1,1
22,8,2,0,1
22,9,2,0,1
22,10,2,0,1
22,11,2,0,1
22,12,2,0,1
22,13,2,1,1
22,14,2,0,1
22,15,2,0,1
22,16,2,0,1
22,17,2,0,1
22,18,2,0,1
22,19,2,0,1
22,20,2,0,1
22,21,2,0,1
22,22,2,1,1
22,23,2,1,1
22,24,2,0,1
22,25,2,0,1
22,26,2,0,1
22,27,2,1,1
22,28,2,0,1
22,29,2,1,1
22,30,2,0,1
22,31,2,0,1
22,32,2,0,1
22,33,2,1,1
22,34,2,0,1
22,35,2,0,1
22,36,2,1,1
22,37,2,0,1
22,38,2,0,1
22,39,2,1,1
22,40,2,1,1
22,41,2,0,1
22,42,2,1,1
22,43,2,0,1
22,44,2,1,1
22,45,2,1,1
22,46,2,1,1
22,47,2,0,1
22,48,2,1,1
22,49,2,1,1
22,50,2,1,1
22,51,2,0,1
22,52,2,0,1
22,53,2,0,1
22,54,2,0,1
22,55,2,1,1
22,56,2,0,1
22,57,2,0,1
22,58,2,0,1
22,59,2,1,1
22,60,2,0,1
23,1,2,0,1
23,2,2,0,1
23,3,2,0,1
23,4,2,0,1
23,5,2,1,1
23,6,2,1,1
23,7,2,0,1
23,8,2,1,1
23,9,2,0,1
23,10,2,0,1
23,11,2,1,1
23,12,2,0,1
23,13,2,0,1
23,14,2,0,1
23,15,2,0,1
23,16,2,1,1
23,17,2,0,1
23,18,2,1,1
23,19,2,1,1
23,20,2,1,1
23,21,2,0,1
23,22,2,0,1
23,23,2,1,1
23,24,2,0,1
23,25,2,1,1
23,26,2,0,1
23,27,2,0,1
23,28,2,0,1
23,29,2,1,1
23,30,2,0,1
23,31,2,0,1
23,32,2,0,1
23,33,2,0,1
23,34,2,0,1
23,35,2,1,1
23,36,2,0,1
23,37,2,0,1
23,38,2,0,1
23,39,2,0,1
23,40,2,1,1
23,41,2,0,1
23,42,2,0,1
23,43,2,0,1
23,44,2,0,1
23,45,2,1,1
23,46,2,0,1
23,47,2,0,1
23,48,2,0,1
23,49,2,0,1
23,50,2,0,1
23,51,2,0,1
23,52,2,0,1
23,53,2,0,1
23,54,2,1,1
23,55,2,0,1
23,56,2,0,1
23,57,2,0,1
23,58,2,0,1
23,59,2,0,1
23,60,2,1,1
24,1,2,0,1
24,2,2,0,1
24,3,2,0,1
24,4,2,1,1
24,5,2,0,1
24,6,2,0,1
24,7,2,0,1
24,8,2,0,1
24,9,2,0,1
24,10,2,0,1
24,11,2,0,1
24,12,2,0,1
24,13,2,0,1
24,14,2,0,1
24,15,2,1,1
24,16,2,1,1
24,17,2,1,1
24,18,2,0,1
24,19,2,0,1
24,20,2,1,1
24,21,2,1,1
24,22,2,0,1
24,23,2,1,1
24,24,2,1,1
24,25,2,0,1
24,26,2,1,1
24,27,2,0,1
24,28,2,1,1
24,29,2,1,1
24,30,2,1,1
24,31,2,1,1
24,32,2,1,1
24,33,2,0,1
24,34,2,0,1
24,35,2,0,1
24,36,2,0,1
24,37,2,0,1
24,38,2,1,1
24,39,2,0,1
24,40,2,0,1
24,41,2,0,1
24,42,2,0,1
24,43,2,0,1
24,44,2,0,1
24,45,2,0,1
24,46,2,0,1
24,47,2,0,1
24,48,2,0,1
24,49,2,0,1
24,50,2,0,1
24,51,2,0,1
24,52,2,0,1
24,53,2,0,1
24,54,2,1,1
24,55,2,0,1
24,56,2,0,1
24,57,2,1,1
24,58,2,0,1
24,59,2,0,1
24,60,2,0,1
1,1,3,1,1
1,2,3,1,1
1,3,3,1,1
1,4,3,1,1
1,5,3,1,1
1,6,3,1,1
1,7,3,0,1
1,8,3,0,1
1,9,3,1,1
1,10,3,1,1
1,11,3,1,1
1,12,3,1,1
1,13,3,1,1
1,14,3,1,1
1,15,3,1,1
1,16,3,0,1
1,17,3,1,1
1,18,3,0,1
1,19,3,1,1
1,20,3,0,1
1,21,3,1,1
1,22,3,1,1
1,23,3,1,1
1,24,3,1,1
1,25,3,0,1
1,26,3,1,1
1,27,3,1,1
1,28,3,1,1
1,29,3,0,1
1,30,3,0,1
1,31,3,0,1
1,32,3,0,1
1,33,3,1,1
1,34,3,1,1
1,35,3,1,1
1,36,3,0,1
1,37,3,0,1
1,38,3,0,1
1,39,3,1,1
1,40,3,1,1
1,41,3,0,1
1,42,3,1,1
1,43,3,0,1
1,44,3,0,1
1,45,3,1,1
1,46,3,0,1
1,47,3,0,1
1,48,3,1,1
1,49,3,1,1
1,50,3,0,1
1,51,3,0,1
1,52,3,1,1
1,53,3,1,1
1,54,3,1,1
1,55,3,0,1
1,56,3,1,1
1,57,3,0,1
1,58,3,0,1
1,59,3,1,1
1,60,3,1,1
2,1,3,1,1
2,2,3,1,1
2,3,3,1,1
2,4,3,1,1
2,5,3,1,1
2,6,3,1,1
2,7,3,1,1
2,8,3,1,1
2,9,3,1,1
2,10,3,1,1
2,11,3,1,1
2,12,3,0,1
2,13,3,1,1
2,14,3,0,1
2,15,3,1,1
2,16,3,1,1
2,17,3,0,1
2,18,3,0,1
2,19,3,0,1
2,20,3,1,1
2,21,3,1,1
2,22,3,0,1
2,23,3,0,1
2,24,3,0,1
2,25,3,0,1
2,26,3,0,1
2,27,3,1,1
2,28,3,0,1
2,29,3,0,1
2,30,3,1,1
2,31,3,0,1
2,32,3,1,1
2,33,3,1,1
2,34,3,1,1
2,35,3,0,1
2,36,3,0,1
2,37,3,1,1
2,38,3,1,1
2,39,3,0,1
2,40,3,1,1
2,41,3,1,1
2,42,3,0,1
2,43,3,1,1
2,44,3,0,1
2,45,3,0,1
2,46,3,1,1
2,47,3,0,1
2,48,3,0,1
2,49,3,0,1
2,50,3,1,1
2,51,3,1,1
2,52,3,0,1
2,53,3,0,1
2,54,3,1,1
2,55,3,1,1
2,56,3,0,1
2,57,3,1,1
2,58,3,0,1
2,59,3,0,1
2,60,3,0,1
3,1,3,1,1
3,2,3,0,1
3,3,3,1,1
3,4,3,0,1
3,5,3,0,1
3,6,3,1,1
3,7,3,1,1
3,8,3,1,1
3,9,3,1,1
3,10,3,0,1
3,11,3,1,1
3,12,3,1,1
3,13,3,1,1
3,14,3,1,1
3,15,3,0,1
3,16,3,0,1
3,17,3,0,1
3,18,3,1,1
3,19,3,1,1
3,20,3,1,1
3,21,3,1,1
3,22,3,1,1
3,23,3,1,1
3,24,3,1,1
3,25,3,1,1
3,26,3,1,1
3,27,3,0,1
3,28,3,1,1
3,29,3,1,1
3,30,3,0,1
3,31,3,1,1
3,32,3,1,1
3,33,3,1,1
3,34,3,0,1
3,35,3,1,1
3,36,3,1,1
3,37,3,1,1
3,38,3,1,1
3,39,3,0,1
3,40,3,0,1
3,41,3,0,1
3,42,3,0,1
3,43,3,0,1
3,44,3,1,1
3,45,3,0,1
3,46,3,1,1
3,47,3,1,1
3,48,3,0,1
3,49,3,1,1
3,50,3,1,1
3,51,3,0,1
3,52,3,1,1
3,53,3,0,1
3,54,3,0,1
3,55,3,1,1
3,56,3,1,1
3,57,3,1,1
3,58,3,0,1
3,59,3,1,1
3,60,3,1,1
4,1,3,1,1
4,2,3,1,1
4,3,3,1,1
4,4,3,1,1
4,5,3,1,1
4,6,3,1,1
4,7,3,1,1
4,8,3,1,1
4,9,3,1,1
4,10,3,1,1
4,11,3,1,1
4,12,3,1,1
4,13,3,1,1
4,14,3,1,1
4,15,3,1,1
4,16,3,1,1
4,17,3,0,1
4,18,3,1,1
4,19,3,1,1
4,20,3,0,1
4,21,3,0,1
4,22,3,0,1
4,23,3,0,1
4,24,3,0,1
4,25,3,1,1
4,26,3,0,1
4,27,3,1,1
4,28,3,0,1
4,29,3,0,1
4,30,3,0,1
4,31,3,0,1
4,32,3,1,1
4,33,3,1,1
4,34,3,1,1
4,35,3,1,1
4,36,3,0,1
4,37,3,0,1
4,38,3,0,1
4,39,3,0,1
4,40,3,1,1
4,41,3,0,1
4,42,3,1,1
4,43,3,0,1
4,44,3,1,1
4,45,3,0,1
4,46,3,1,1
4,47,3,0,1
4,48,3,0,1
4,49,3,1,1
4,50,3,1,1
4,51,3,1,1
4,52,3,1,1
4,53,3,1,1
4,54,3,1,1
4,55,3,1,1
4,56,3,1,1
4,57,3,0,1
4,58,3,0,1
4,59,3,0,1
4,60,3,1,1
5,1,3,0,1
5,2,3,0,1
5,3,3,1,1
5,4,3,0,1
5,5,3,1,1
5,6,3,0,1
5,7,3,1,1
5,8,3,1,1
5,9,3,0,1
5,10,3,1,1
5,11,3,0,1
5,12,3,1,1
5,13,3,1,1
5,14,3,1,1
5,15,3,0,1
5,16,3,0,1
5,17,3,1,1
5,18,3,1,1
5,19,3,0,1
5,20,3,1,1
5,21,3,1,1
5,22,3,0,1
5,23,3,0,1
5,24,3,0,1
5,25,3,0,1
5,26,3,1,1
5,27,3,0,1
5,28,3,0,1
5,29,3,0,1
5,30,3,0,1
5,31,3,1,1
5,32,3,1,1
5,33,3,1,1
5,34,3,1,1
5,35,3,0,1
5,36,3,0,1
5,37,3,0,1
5,38,3,0,1
5,39,3,0,1
5,40,3,0,1
5,41,3,1,1
5,42,3,0,1
5,43,3,0,1
5,44,3,0,1
5,45,3,1,1
5,46,3,1,1
5,47,3,1,1
5,48,3,1,1
5,49,3,0,1
5,50,3,0,1
5,51,3,0,1
5,52,3,0,1
5,53,3,0,1
5,54,3,1,1
5,55,3,0,1
5,56,3,1,1
5,57,3,1,1
5,58,3,1,1
5,59,3,1,1
5,60,3,1,1
6,1,3,1,1
6,2,3,1,1
6,3,3,0,1
6,4,3,1,1
6,5,3,0,1
6,6,3,1,1
6,7,3,1,1
6,8,3,1,1
6,9,3,0,1
6,10,3,1,1
6,11,3,1,1
6,12,3,1,1
6,13,3,1,1
6,14,3,0,1
6,15,3,0,1
6,16,3,0,1
6,17,3,1,1
6,18,3,0,1
6,19,3,0,1
6,20,3,0,1
6,21,3,1,1
6,22,3,1,1
6,23,3,0,1
6,24,3,0,1
6,25,3,0,1
6,26,3,0,1
6,27,3,1,1
6,28,3,1,1
6,29,3,0,1
6,30,3,0,1
6,31,3,0,1
6,32,3,1,1
6,33,3,1,1
6,34,3,0,1
6,35,3,0,1
6,36,3,1,1
6,37,3,1,1
6,38,3,0,1
6,39,3,1,1
6,40,3,1,1
6,41,3,0,1
6,42,3,0,1
6,43,3,1,1
6,44,3,1,1
6,45,3,0,1
6,46,3,0,1
6,47,3,1,1
6,48,3,0,1
6,49,3,0,1
6,50,3,1,1
6,51,3,0,1
6,52,3,0,1
6,53,3,0,1
6,54,3,1,1
6,55,3,0,1
6,56,3,1,1
6,57,3,1,1
6,58,3,1,1
6,59,3,1,1
6,60,3,1,1
7,1,3,1,1
7,2,3,1,1
7,3,3,0,1
7,4,3,0,1
7,5,3,1,1
7,6,3,0,1
7,7,3,1,1
7,8,3,1,1
7,9,3,1,1
7,10,3,0,1
7,11,3,1,1
7,12,3,1,1
7,13,3,1,1
7,14,3,1,1
7,15,3,0,1
7,16,3,1,1
7,17,3,0,1
7,18,3,1,1
7,19,3,1,1
7,20,3,1,1
7,21,3,1,1
7,22,3,1,1
7,23,3,1,1
7,24,3,1,1
7,25,3,1,1
7,26,3,1,1
7,27,3,1,1
7,28,3,1,1
7,29,3,0,1
7,30,3,0,1
7,31,3,1,1
7,32,3,1,1
7,33,3,1,1
7,34,3,1,1
7,35,3,0,1
7,36,3,0,1
7,37,3,0,1
7,38,3,0,1
7,39,3,0,1
7,40,3,1,1
7,41,3,0,1
7,42,3,0,1
7,43,3,1,1
7,44,3,0,1
7,45,3,0,1
7,46,3,0,1
7,47,3,1,1
7,48,3,1,1
7,49,3,1,1
7,50,3,0,1
7,51,3,0,1
7,52,3,0,1
7,53,3,1,1
7,54,3,0,1
7,55,3,0,1
7,56,3,0,1
7,57,3,1,1
7,58,3,0,1
7,59,3,1,1
7,60,3,1,1
8,1,3,1,1
8,2,3,1,1
8,3,3,0,1
8,4,3,0,1
8,5,3,0,1
8,6,3,0,1
8,7,3,1,1
8,8,3,1,1
8,9,3,1,1
8,10,3,0,1
8,11,3,1,1
8,12,3,0,1
8,13,3,1,1
8,14,3,1,1
8,15,3,0,1
8,16,3,1,1
8,17,3,1,1
8,18,3,0,1
8,19,3,0,1
8,20,3,0,1
8,21,3,1,1
8,22,3,0,1
8,23,3,1,1
8,24,3,1,1
8,25,3,0,1
8,26,3,0,1
8,27,3,0,1
8,28,3,0,1
8,29,3,1,1
8,30,3,0,1
8,31,3,0,1
8,32,3,1,1
8,33,3,1,1
8,34,3,1,1
8,35,3,0,1
8,36,3,1,1
8,37,3,0,1
8,38,3,0,1
8,39,3,1,1
8,40,3,0,1
8,41,3,0,1
8,42,3,0,1
8,43,3,0,1
8,44,3,1,1
8,45,3,0,1
8,46,3,0,1
8,47,3,1,1
8,48,3,1,1
8,49,3,1,1
8,50,3,1,1
8,51,3,1,1
8,52,3,1,1
8,53,3,1,1
8,54,3,0,1
8,55,3,1,1
8,56,3,0,1
8,57,3,0,1
8,58,3,1,1
8,59,3,0,1
8,60,3,1,1
9,1,3,0,1
9,2,3,0,1
9,3,3,0,1
9,4,3,0,1
9,5,3,1,1
9,6,3,0,1
9,7,3,1,1
9,8,3,1,1
9,9,3,1,1
9,10,3,0,1
9,11,3,1,1
9,12,3,0,1
9,13,3,1,1
9,14,3,1,1
9,15,3,0,1
9,16,3,0,1
9,17,3,1,1
9,18,3,0,1
9,19,3,0,1
9,20,3,0,1
9,21,3,0,1
9,22,3,0,1
9,23,3,1,1
9,24,3,0,1
9,25,3,1,1
9,26,3,1,1
9,27,3,0,1
9,28,3,0,1
9,29,3,0,1
9,30,3,0,1
9,31,3,0,1
9,32,3,1,1
9,33,3,1,1
9,34,3,1,1
9,35,3,0,1
9,36,3,1,1
9,37,3,0,1
9,38,3,1,1
9,39,3,0,1
9,40,3,0,1
9,41,3,0,1
9,42,3,1,1
9,43,3,1,1
9,44,3,1,1
9,45,3,1,1
9,46,3,1,1
9,47,3,1,1
9,48,3,0,1
9,49,3,0,1
9,50,3,1,1
9,51,3,0,1
9,52,3,1,1
9,53,3,1,1
9,54,3,0,1
9,55,3,1,1
9,56,3,1,1
9,57,3,1,1
9,58,3,1,1
9,59,3,1,1
9,60,3,1,1
10,1,3,0,1
10,2,3,0,1
10,3,3,0,1
10,4,3,1,1
10,5,3,0,1
10,6,3,1,1
10,7,3,0,1
10,8,3,0,1
10,9,3,1,1
10,10,3,1,1
10,11,3,0,1
10,12,3,1,1
10,13,3,1,1
10,14,3,1,1
10,15,3,0,1
10,16,3,1,1
10,17,3,1,1
10,18,3,0,1
10,19,3,0,1
10,20,3,1,1
10,21,3,1,1
10,22,3,0,1
10,23,3,1,1
10,24,3,0,1
10,25,3,1,1
10,26,3,0,1
10,27,3,1,1
10,28,3,0,1
10,29,3,0,1
10,30,3,0,1
10,31,3,0,1
10,32,3,0,1
10,33,3,0,1
10,34,3,0,1
10,35,3,0,1
10,36,3,1,1
10,37,3,1,1
10,38,3,0,1
10,39,3,1,1
10,40,3,1,1
10,41,3,0,1
10,42,3,1,1
10,43,3,1,1
10,44,3,1,1
10,45,3,1,1
10,46,3,1,1
10,47,3,1,1
10,48,3,0,1
10,49,3,1,1
10,50,3,0,1
10,51,3,1,1
10,52,3,1,1
10,53,3,1,1
10,54,3,1,1
10,55,3,0,1
10,56,3,0,1
10,57,3,0,1
10,58,3,1,1
10,59,3,1,1
10,60,3,1,1
11,1,3,0,1
11,2,3,1,1
11,3,3,0,1
11,4,3,1,1
11,5,3,1,1
11,6,3,0,1
11,7,3,0,1
11,8,3,1,1
11,9,3,0,1
11,10,3,1,1
11,11,3,0,1
11,12,3,1,1
11,13,3,1,1
11,14,3,1,1
11,15,3,1,1
11,16,3,0,1
11,17,3,0,1
11,18,3,1,1
11,19,3,1,1
11,20,3,0,1
11,21,3,1,1
11,22,3,1,1
11,23,3,0,1
11,24,3,1,1
11,25,3,1,1
11,26,3,1,1
11,27,3,0,1
11,28,3,0,1
11,29,3,0,1
11,30,3,0,1
11,31,3,0,1
11,32,3,0,1
11,33,3,0,1
11,34,3,0,1
11,35,3,0,1
11,36,3,1,1
11,37,3,1,1
11,38,3,0,1
11,39,3,1,1
11,40,3,0,1
11,41,3,1,1
11,42,3,1,1
11,43,3,1,1
11,44,3,0,1
11,45,3,0,1
11,46,3,0,1
11,47,3,0,1
11,48,3,1,1
11,49,3,1,1
11,50,3,1,1
11,51,3,0,1
11,52,3,1,1
11,53,3,0,1
11,54,3,1,1
11,55,3,1,1
11,56,3,1,1
11,57,3,1,1
11,58,3,1,1
11,59,3,1,1
11,60,3,0,1
12,1,3,1,1
12,2,3,1,1
12,3,3,0,1
12,4,3,1,1
12,5,3,1,1
12,6,3,0,1
12,7,3,0,1
12,8,3,0,1
12,9,3,0,1
12,10,3,0,1
12,11,3,0,1
12,12,3,1,1
12,13,3,0,1
12,14,3,0,1
12,15,3,0,1
12,16,3,1,1
12,17,3,0,1
12,18,3,0,1
12,19,3,0,1
12,20,3,0,1
12,21,3,0,1
12,22,3,0,1
12,23,3,1,1
12,24,3,1,1
12,25,3,0,1
12,26,3,0,1
12,27,3,1,1
12,28,3,1,1
12,29,3,1,1
12,30,3,0,1
12,31,3,0,1
12,32,3,0,1
12,33,3,0,1
12,34,3,1,1
12,35,3,1,1
12,36,3,0,1
12,37,3,1,1
12,38,3,1,1
12,39,3,0,1
12,40,3,1,1
12,41,3,1,1
12,42,3,1,1
12,43,3,1,1
12,44,3,0,1
12,45,3,1,1
12,46,3,0,1
12,47,3,0,1
12,48,3,0,1
12,49,3,1,1
12,50,3,0,1
12,51,3,0,1
12,52,3,0,1
12,53,3,0,1
12,54,3,1,1
12,55,3,1,1
12,56,3,1,1
12,57,3,0,1
12,58,3,1,1
12,59,3,1,1
12,60,3,1,1
13,1,3,0,1
13,2,3,1,1
13,3,3,0,1
13,4,3,0,1
13,5,3,1,1
13,6,3,0,1
13,7,3,1,1
13,8,3,1,1
13,9,3,0,1
13,10,3,0,1
13,11,3,1,1
13,12,3,1,1
13,13,3,1,1
13,14,3,1,1
13,15,3,0,1
13,16,3,0,1
13,17,3,0,1
13,18,3,0,1
13,19,3,0,1
13,20,3,1,1
13,21,3,1,1
13,22,3,0,1
13,23,3,1,1
13,24,3,0,1
13,25,3,0,1
13,26,3,0,1
13,27,3,0,1
13,28,3,0,1
13,29,3,1,1
13,30,3,0,1
13,31,3,0,1
13,32,3,1,1
13,33,3,1,1
13,34,3,0,1
13,35,3,1,1
13,36,3,1,1
13,37,3,1,1
13,38,3,1,1
13,39,3,1,1
13,40,3,1,1
13,41,3,0,1
13,42,3,0,1
13,43,3,0,1
13,44,3,1,1
13,45,3,0,1
13,46,3,0,1
13,47,3,1,1
13,48,3,0,1
13,49,3,1,1
13,50,3,0,1
13,51,3,1,1
13,52,3,1,1
13,53,3,0,1
13,54,3,1,1
13,55,3,1,1
13,56,3,1,1
13,57,3,1,1
13,58,3,1,1
13,59,3,1,1
13,60,3,1,1
14,1,3,1,1
14,2,3,1,1
14,3,3,1,1
14,4,3,0,1
14,5,3,1,1
14,6,3,0,1
14,7,3,1,1
14,8,3,0,1
14,9,3,1,1
14,10,3,1,1
14,11,3,1,1
14,12,3,1,1
14,13,3,1,1
14,14,3,1,1
14,15,3,0,1
14,16,3,0,1
14,17,3,0,1
14,18,3,1,1
14,19,3,1,1
14,20,3,1,1
14,21,3,0,1
14,22,3,1,1
14,23,3,1,1
14,24,3,1,1
14,25,3,0,1
14,26,3,0,1
14,27,3,1,1
14,28,3,0,1
14,29,3,0,1
14,30,3,1,1
14,31,3,0,1
14,32,3,1,1
14,33,3,1,1
14,34,3,1,1
14,35,3,1,1
14,36,3,1,1
14,37,3,0,1
14,38,3,0,1
14,39,3,1,1
14,40,3,1,1
14,41,3,1,1
14,42,3,1,1
14,43,3,1,1
14,44,3,0,1
14,45,3,0,1
14,46,3,1,1
14,47,3,1,1
14,48,3,1,1
14,49,3,0,1
14,50,3,1,1
14,51,3,1,1
14,52,3,1,1
14,53,3,1,1
14,54,3,1,1
14,55,3,0,1
14,56,3,1,1
14,57,3,1,1
14,58,3,1,1
14,59,3,0,1
14,60,3,1,1
15,1,3,1,1
15,2,3,0,1
15,3,3,1,1
15,4,3,1,1
15,5,3,0,1
15,6,3,0,1
15,7,3,0,1
15,8,3,1,1
15,9,3,0,1
15,10,3,1,1
15,11,3,1,1
15,12,3,1,1
15,13,3,0,1
15,14,3,1,1
15,15,3,0,1
15,16,3,1,1
15,17,3,1,1
15,18,3,1,1
15,19,3,1,1
15,20,3,1,1
15,21,3,1,1
15,22,3,1,1
15,23,3,1,1
15,24,3,1,1
15,25,3,1,1
15,26,3,0,1
15,27,3,1,1
15,28,3,0,1
15,29,3,0,1
15,30,3,0,1
15,31,3,1,1
15,32,3,1,1
15,33,3,0,1
15,34,3,1,1
15,35,3,1,1
15,36,3,1,1
15,37,3,1,1
15,38,3,0,1
15,39,3,0,1
15,40,3,0,1
15,41,3,0,1
15,42,3,0,1
15,43,3,1,1
15,44,3,1,1
15,45,3,0,1
15,46,3,1,1
15,47,3,1,1
15,48,3,0,1
15,49,3,0,1
15,50,3,0,1
15,51,3,1,1
15,52,3,1,1
15,53,3,1,1
15,54,3,1,1
15,55,3,1,1
15,56,3,1,1
15,57,3,1,1
15,58,3,0,1
15,59,3,1,1
15,60,3,1,1
16,1,3,1,1
16,2,3,0,1
16,3,3,0,1
16,4,3,0,1
16,5,3,0,1
16,6,3,0,1
16,7,3,0,1
16,8,3,0,1
16,9,3,0,1
16,10,3,0,1
16,11,3,1,1
16,12,3,1,1
16,13,3,0,1
16,14,3,0,1
16,15,3,0,1
16,16,3,0,1
16,17,3,0,1
16,18,3,0,1
16,19,3,0,1
16,20,3,1,1
16,21,3,1,1
16,22,3,1,1
16,23,3,1,1
16,24,3,0,1
16,25,3,0,1
16,26,3,1,1
16,27,3,1,1
16,28,3,0,1
16,29,3,1,1
16,30,3,1,1
16,31,3,1,1
16,32,3,1,1
16,33,3,1,1
16,34,3,1,1
16,35,3,1,1
16,36,3,1,1
16,37,3,1,1
16,38,3,1,1
16,39,3,1,1
16,40,3,1,1
16,41,3,0,1
16,42,3,1,1
16,43,3,0,1
16,44,3,1,1
16,45,3,1,1
16,46,3,0,1
16,47,3,0,1
16,48,3,1,1
16,49,3,0,1
16,50,3,0,1
16,51,3,0,1
16,52,3,0,1
16,53,3,1,1
16,54,3,0,1
16,55,3,0,1
16,56,3,0,1
16,57,3,0,1
16,58,3,0,1
16,59,3,1,1
16,60,3,1,1
17,1,3,0,1
17,2,3,1,1
17,3,3,0,1
17,4,3,1,1
17,5,3,0,1
17,6,3,1,1
17,7,3,1,1
17,8,3,1,1
17,9,3,0,1
17,10,3,1,1
17,11,3,1,1
17,12,3,1,1
17,13,3,1,1
17,14,3,1,1
17,15,3,0,1
17,16,3,1,1
17,17,3,1,1
17,18,3,1,1
17,19,3,1,1
17,20,3,1,1
17,21,3,1,1
17,22,3,1,1
17,23,3,1,1
17,24,3,0,1
17,25,3,0,1
17,26,3,1,1
17,27,3,0,1
17,28,3,1,1
17,29,3,0,1
17,30,3,1,1
17,31,3,0,1
17,32,3,1,1
17,33,3,0,1
17,34,3,1,1
17,35,3,1,1
17,36,3,1,1
17,37,3,1,1
17,38,3,1,1
17,39,3,0,1
17,40,3,0,1
17,41,3,1,1
17,42,3,1,1
17,43,3,1,1
17,44,3,1,1
17,45,3,0,1
17,46,3,1,1
17,47,3,1,1
17,48,3,0,1
17,49,3,0,1
17,50,3,1,1
17,51,3,1,1
17,52,3,1,1
17,53,3,1,1
17,54,3,1,1
17,55,3,1,1
17,56,3,0,1
17,57,3,0,1
17,58,3,1,1
17,59,3,0,1
17,60,3,1,1
18,1,3,1,1
18,2,3,0,1
18,3,3,1,1
18,4,3,1,1
18,5,3,1,1
18,6,3,0,1
18,7,3,0,1
18,8,3,1,1
18,9,3,1,1
18,10,3,1,1
18,11,3,1,1
18,12,3,0,1
18,13,3,1,1
18,14,3,0,1
18,15,3,1,1
18,16,3,1,1
18,17,3,0,1
18,18,3,1,1
18,19,3,1,1
18,20,3,1,1
18,21,3,1,1
18,22,3,1,1
18,23,3,0,1
18,24,3,0,1
18,25,3,1,1
18,26,3,0,1
18,27,3,1,1
18,28,3,1,1
18,29,3,1,1
18,30,3,1,1
18,31,3,0,1
18,32,3,1,1
18,33,3,0,1
18,34,3,1,1
18,35,3,1,1
18,36,3,1,1
18,37,3,1,1
18,38,3,0,1
18,39,3,0,1
18,40,3,1,1
18,41,3,0,1
18,42,3,1,1
18,43,3,1,1
18,44,3,0,1
18,45,3,1,1
18,46,3,1,1
18,47,3,1,1
18,48,3,1,1
18,49,3,0,1
18,50,3,1,1
18,51,3,1,1
18,52,3,0,1
18,53,3,0,1
18,54,3,0,1
18,55,3,0,1
18,56,3,0,1
18,57,3,1,1
18,58,3,0,1
18,59,3,0,1
18,60,3,1,1
19,1,3,1,1
19,2,3,1,1
19,3,3,1,1
19,4,3,1,1
19,5,3,1,1
19,6,3,0,1
19,7,3,1,1
19,8,3,1,1
19,9,3,1,1
19,10,3,0,1
19,11,3,0,1
19,12,3,1,1
19,13,3,1,1
19,14,3,0,1
19,15,3,1,1
19,16,3,0,1
19,17,3,1,1
19,18,3,0,1
19,19,3,0,1
19,20,3,0,1
19,21,3,1,1
19,22,3,1,1
19,23,3,1,1
19,24,3,1,1
19,25,3,0,1
19,26,3,0,1
19,27,3,0,1
19,28,3,1,1
19,29,3,0,1
19,30,3,1,1
19,31,3,1,1
19,32,3,1,1
19,33,3,1,1
19,34,3,0,1
19,35,3,0,1
19,36,3,0,1
19,37,3,1,1
19,38,3,0,1
19,39,3,1,1
19,40,3,1,1
19,41,3,1,1
19,42,3,1,1
19,43,3,0,1
19,44,3,0,1
19,45,3,0,1
19,46,3,1,1
19,47,3,1,1
19,48,3,0,1
19,49,3,0,1
19,50,3,0,1
19,51,3,1,1
19,52,3,1,1
19,53,3,1,1
19,54,3,1,1
19,55,3,1,1
19,56,3,1,1
19,57,3,0,1
19,58,3,1,1
19,59,3,1,1
19,60,3,1,1
20,1,3,1,1
20,2,3,1,1
20,3,3,0,1
20,4,3,0,1
20,5,3,1,1
20,6,3,1,1
20,7,3,1,1
20,8,3,0,1
20,9,3,0,1
20,10,3,1,1
20,11,3,1,1
20,12,3,0,1
20,13,3,0,1
20,14,3,1,1
20,15,3,1,1
20,16,3,1,1
20,17,3,1,1
20,18,3,0,1
20,19,3,1,1
20,20,3,1,1
20,21,3,1,1
20,22,3,1,1
20,23,3,1,1
20,24,3,1,1
20,25,3,1,1
20,26,3,0,1
20,27,3,0,1
20,28,3,1,1
20,29,3,1,1
20,30,3,0,1
20,31,3,0,1
20,32,3,0,1
20,33,3,0,1
20,34,3,1,1
20,35,3,0,1
20,36,3,1,1
20,37,3,1,1
20,38,3,0,1
20,39,3,0,1
20,40,3,1,1
20,41,3,0,1
20,42,3,1,1
20,43,3,0,1
20,44,3,0,1
20,45,3,0,1
20,46,3,1,1
20,47,3,1,1
20,48,3,0,1
20,49,3,1,1
20,50,3,1,1
20,51,3,0,1
20,52,3,1,1
20,53,3,1,1
20,54,3,1,1
20,55,3,1,1
20,56,3,1,1
20,57,3,1,1
20,58,3,1,1
20,59,3,1,1
20,60,3,0,1
21,1,3,1,1
21,2,3,0,1
21,3,3,0,1
21,4,3,1,1
21,5,3,0,1
21,6,3,1,1
21,7,3,0,1
21,8,3,0,1
21,9,3,1,1
21,10,3,0,1
21,11,3,0,1
21,12,3,1,1
21,13,3,1,1
21,14,3,0,1
21,15,3,1,1
21,16,3,1,1
21,17,3,1,1
21,18,3,1,1
21,19,3,0,1
21,20,3,0,1
21,21,3,1,1
21,22,3,1,1
21,23,3,0,1
21,24,3,1,1
21,25,3,0,1
21,26,3,0,1
21,27,3,1,1
21,28,3,0,1
21,29,3,1,1
21,30,3,0,1
21,31,3,0,1
21,32,3,1,1
21,33,3,0,1
21,34,3,0,1
21,35,3,1,1
21,36,3,1,1
21,37,3,1,1
21,38,3,1,1
21,39,3,1,1
21,40,3,1,1
21,41,3,1,1
21,42,3,1,1
21,43,3,1,1
21,44,3,1,1
21,45,3,0,1
21,46,3,1,1
21,47,3,1,1
21,48,3,1,1
21,49,3,1,1
21,50,3,1,1
21,51,3,0,1
21,52,3,1,1
21,53,3,1,1
21,54,3,1,1
21,55,3,0,1
21,56,3,1,1
21,57,3,0,1
21,58,3,1,1
21,59,3,1,1
21,60,3,0,1
22,1,3,1,1
22,2,3,0,1
22,3,3,0,1
22,4,3,0,1
22,5,3,1,1
22,6,3,0,1
22,7,3,1,1
22,8,3,1,1
22,9,3,0,1
22,10,3,1,1
22,11,3,1,1
22,12,3,1,1
22,13,3,1,1
22,14,3,1,1
22,15,3,0,1
22,16,3,0,1
22,17,3,0,1
22,18,3,0,1
22,19,3,1,1
22,20,3,0,1
22,21,3,1,1
22,22,3,1,1
22,23,3,1,1
22,24,3,0,1
22,25,3,0,1
22,26,3,1,1
22,27,3,1,1
22,28,3,1,1
22,29,3,1,1
22,30,3,1,1
22,31,3,0,1
22,32,3,0,1
22,33,3,1,1
22,34,3,0,1
22,35,3,1,1
22,36,3,1,1
22,37,3,0,1
22,38,3,1,1
22,39,3,1,1
22,40,3,1,1
22,41,3,1,1
22,42,3,1,1
22,43,3,1,1
22,44,3,1,1
22,45,3,1,1
22,46,3,1,1
22,47,3,0,1
22,48,3,1,1
22,49,3,1,1
22,50,3,1,1
22,51,3,0,1
22,52,3,0,1
22,53,3,0,1
22,54,3,0,1
22,55,3,1,1
22,56,3,1,1
22,57,3,1,1
22,58,3,1,1
22,59,3,1,1
22,60,3,1,1
23,1,3,0,1
23,2,3,0,1
23,3,3,1,1
23,4,3,0,1
23,5,3,1,1
23,6,3,1,1
23,7,3,0,1
23,8,3,1,1
23,9,3,0,1
23,10,3,1,1
23,11,3,1,1
23,12,3,0,1
23,13,3,0,1
23,14,3,0,1
23,15,3,1,1
23,16,3,1,1
23,17,3,0,1
23,18,3,1,1
23,19,3,1,1
23,20,3,1,1
23,21,3,0,1
23,22,3,1,1
23,23,3,1,1
23,24,3,0,1
23,25,3,1,1
23,26,3,0,1
23,27,3,1,1
23,28,3,0,1
23,29,3,1,1
23,30,3,1,1
23,31,3,1,1
23,32,3,0,1
23,33,3,0,1
23,34,3,0,1
23,35,3,1,1
23,36,3,1,1
23,37,3,0,1
23,38,3,1,1
23,39,3,0,1
23,40,3,1,1
23,41,3,0,1
23,42,3,0,1
23,43,3,1,1
23,44,3,1,1
23,45,3,1,1
23,46,3,0,1
23,47,3,0,1
23,48,3,0,1
23,49,3,0,1
23,50,3,1,1
23,51,3,0,1
23,52,3,1,1
23,53,3,1,1
23,54,3,1,1
23,55,3,0,1
23,56,3,0,1
23,57,3,1,1
23,58,3,1,1
23,59,3,0,1
23,60,3,1,1
24,1,3,0,1
24,2,3,1,1
24,3,3,0,1
24,4,3,1,1
24,5,3,0,1
24,6,3,1,1
24,7,3,0,1
24,8,3,1,1
24,9,3,1,1
24,10,3,0,1
24,11,3,0,1
24,12,3,0,1
24,13,3,0,1
24,14,3,0,1
24,15,3,1,1
24,16,3,1,1
24,17,3,1,1
24,18,3,1,1
24,19,3,1,1
24,20,3,1,1
24,21,3,1,1
24,22,3,0,1
24,23,3,1,1
24,24,3,1,1
24,25,3,1,1
24,26,3,1,1
24,27,3,0,1
24,28,3,1,1
24,29,3,1,1
24,30,3,1,1
24,31,3,1,1
24,32,3,1,1
24,33,3,0,1
24,34,3,1,1
24,35,3,0,1
24,36,3,0,1
24,37,3,0,1
24,38,3,1,1
24,39,3,0,1
24,40,3,1,1
24,41,3,0,1
24,42,3,1,1
24,43,3,1,1
24,44,3,1,1
24,45,3,1,1
24,46,3,1,1
24,47,3,1,1
24,48,3,0,1
24,49,3,1,1
24,50,3,0,1
24,51,3,1,1
24,52,3,0,1
24,53,3,1,1
24,54,3,1,1
24,55,3,1,1
24,56,3,0,1
24,57,3,1,1
24,58,3,1,1
24,59,3,0,1
24,60,3,1,1
